d__Viruses;-__Retro_transcribing_viruses;f__Hepadnaviridae;g__Orthohepadnavirus;s__Hepatitis_B_virus,0.06386122644356342
d__Viruses;-__Retro_transcribing_viruses;f__Retroviridae;-__Orthoretrovirinae;g__Deltaretrovirus;-__unclassified_Deltaretrovirus;s__Human_T_lymphotropic_virus_4,0.010947044194008262
d__Viruses;-__Retro_transcribing_viruses;f__Retroviridae;-__Orthoretrovirinae;g__Deltaretrovirus;s__Primate_T_lymphotropic_virus_1,0.012008449619663056
d__Viruses;-__Retro_transcribing_viruses;f__Retroviridae;-__Orthoretrovirinae;g__Deltaretrovirus;s__Primate_T_lymphotropic_virus_2,0.011009479807282074
d__Viruses;-__Retro_transcribing_viruses;f__Retroviridae;-__Orthoretrovirinae;g__Deltaretrovirus;s__Primate_T_lymphotropic_virus_3,0.011779519037659081
d__Viruses;-__Retro_transcribing_viruses;f__Retroviridae;-__Orthoretrovirinae;g__Gammaretrovirus;-__Mammalian_gammaretrovirus_group;-__Replication_competent_viruses;s__Murine_leukemia_virus,0.006670204684752183
d__Viruses;-__Retro_transcribing_viruses;f__Retroviridae;-__Orthoretrovirinae;g__Gammaretrovirus;-__Mammalian_gammaretrovirus_group;-__Replication_competent_viruses;s__Porcine_type_C_oncovirus,0.004859571899811652
d__Viruses;-__Retro_transcribing_viruses;f__Retroviridae;-__Orthoretrovirinae;g__Gammaretrovirus;-__unclassified_Gammaretrovirus;s__Murine_leukemia_related_retroviruses,0.004505770091260055
d__Viruses;-__Retro_transcribing_viruses;f__Retroviridae;-__Orthoretrovirinae;g__Lentivirus;-__Primate_lentivirus_group;s__Human_immunodeficiency_virus_1,0.06170719778561692
d__Viruses;-__Retro_transcribing_viruses;f__Retroviridae;-__Orthoretrovirinae;g__Lentivirus;-__Primate_lentivirus_group;s__Human_immunodeficiency_virus_2,0.03449567633378079
d__Viruses;-__Retro_transcribing_viruses;f__Retroviridae;-__Spumaretrovirinae;g__Spumavirus;s__African_green_monkey_simian_foamy_virus,0.005296621192728332
d__Viruses;-__Retro_transcribing_viruses;f__Retroviridae;-__Spumaretrovirinae;g__Spumavirus;s__Macaque_simian_foamy_virus,0.005431898354821591
d__Viruses;-__Retro_transcribing_viruses;f__Retroviridae;-__Spumaretrovirinae;g__Spumavirus;s__Simian_foamy_virus,0.008106223790049844
d__Viruses;-__Retro_transcribing_viruses;f__Retroviridae;-__unclassified_Retroviridae;-__Human_endogenous_retroviruses;s__Human_endogenous_retrovirus_K,0.005275809321637062
d__Viruses;-__dsDNA_viruses__no_RNA_stage;f__Adenoviridae;g__Mastadenovirus;s__Human_mastadenovirus_A,0.044672681297412045
d__Viruses;-__dsDNA_viruses__no_RNA_stage;f__Adenoviridae;g__Mastadenovirus;s__Human_mastadenovirus_B,0.04928251074412845
d__Viruses;-__dsDNA_viruses__no_RNA_stage;f__Adenoviridae;g__Mastadenovirus;s__Human_mastadenovirus_C,0.04750309576582483
d__Viruses;-__dsDNA_viruses__no_RNA_stage;f__Adenoviridae;g__Mastadenovirus;s__Human_mastadenovirus_D,0.050062955910051096
d__Viruses;-__dsDNA_viruses__no_RNA_stage;f__Adenoviridae;g__Mastadenovirus;s__Human_mastadenovirus_E,0.04813785783410857
d__Viruses;-__dsDNA_viruses__no_RNA_stage;f__Adenoviridae;g__Mastadenovirus;s__Human_mastadenovirus_F,0.04137399972944568
d__Viruses;-__dsDNA_viruses__no_RNA_stage;f__Adenoviridae;g__Mastadenovirus;s__Human_mastadenovirus_G,0.042966107867927865
d__Viruses;-__dsDNA_viruses__no_RNA_stage;f__Adenoviridae;g__Mastadenovirus;s__Platyrrhini_mastadenovirus_A,0.03398578549204466
d__Viruses;-__dsDNA_viruses__no_RNA_stage;f__Papillomaviridae;-__unclassified_Papillomaviridae;-__Human_papillomavirus_types;s__Human_papillomavirus,0.04853328338484272
d__Viruses;-__dsDNA_viruses__no_RNA_stage;f__Papillomaviridae;-__unclassified_Papillomaviridae;-__Human_papillomavirus_types;s__Human_papillomavirus_type_136,0.042185662702005224
d__Viruses;-__dsDNA_viruses__no_RNA_stage;f__Papillomaviridae;-__unclassified_Papillomaviridae;-__Human_papillomavirus_types;s__Human_papillomavirus_type_140,0.04311179096556676
d__Viruses;-__dsDNA_viruses__no_RNA_stage;f__Papillomaviridae;-__unclassified_Papillomaviridae;-__Human_papillomavirus_types;s__Human_papillomavirus_type_141,0.0418838905711818
d__Viruses;-__dsDNA_viruses__no_RNA_stage;f__Papillomaviridae;-__unclassified_Papillomaviridae;-__Human_papillomavirus_types;s__Human_papillomavirus_type_143,0.04778405602555698
d__Viruses;-__dsDNA_viruses__no_RNA_stage;f__Papillomaviridae;-__unclassified_Papillomaviridae;-__Human_papillomavirus_types;s__Human_papillomavirus_type_145,0.04751350170137046
d__Viruses;-__dsDNA_viruses__no_RNA_stage;f__Papillomaviridae;-__unclassified_Papillomaviridae;-__Human_papillomavirus_types;s__Human_papillomavirus_type_154,0.0422376923797334
d__Viruses;-__dsDNA_viruses__no_RNA_stage;f__Papillomaviridae;-__unclassified_Papillomaviridae;-__Human_papillomavirus_types;s__Human_papillomavirus_type_155,0.0437153352272136
d__Viruses;-__dsDNA_viruses__no_RNA_stage;f__Papillomaviridae;-__unclassified_Papillomaviridae;-__Human_papillomavirus_types;s__Human_papillomavirus_type_179,0.0435384343229378
d__Viruses;-__dsDNA_viruses__no_RNA_stage;f__Papillomaviridae;-__unclassified_Papillomaviridae;-__Human_papillomavirus_types;s__Human_papillomavirus_type_197,0.04230012799300721
d__Viruses;-__dsDNA_viruses__no_RNA_stage;f__Papillomaviridae;-__unclassified_Papillomaviridae;-__Human_papillomavirus_types;s__Human_papillomavirus_type_78,0.04981321345695585
d__Viruses;-__dsDNA_viruses__no_RNA_stage;f__Papillomaviridae;g__Alphapapillomavirus;s__Alphapapillomavirus_1,0.05086421294706501
d__Viruses;-__dsDNA_viruses__no_RNA_stage;f__Papillomaviridae;g__Alphapapillomavirus;s__Alphapapillomavirus_10,0.054475072581400434
d__Viruses;-__dsDNA_viruses__no_RNA_stage;f__Papillomaviridae;g__Alphapapillomavirus;s__Alphapapillomavirus_11,0.05150938095089439
d__Viruses;-__dsDNA_viruses__no_RNA_stage;f__Papillomaviridae;g__Alphapapillomavirus;s__Alphapapillomavirus_13,0.050822589204882467
d__Viruses;-__dsDNA_viruses__no_RNA_stage;f__Papillomaviridae;g__Alphapapillomavirus;s__Alphapapillomavirus_14,0.053528132446747624
d__Viruses;-__dsDNA_viruses__no_RNA_stage;f__Papillomaviridae;g__Alphapapillomavirus;s__Alphapapillomavirus_2,0.052934994120646416
d__Viruses;-__dsDNA_viruses__no_RNA_stage;f__Papillomaviridae;g__Alphapapillomavirus;s__Alphapapillomavirus_3,0.054766438776678215
d__Viruses;-__dsDNA_viruses__no_RNA_stage;f__Papillomaviridae;g__Alphapapillomavirus;s__Alphapapillomavirus_4,0.05129085630443605
d__Viruses;-__dsDNA_viruses__no_RNA_stage;f__Papillomaviridae;g__Alphapapillomavirus;s__Alphapapillomavirus_5,0.05380909270647977
d__Viruses;-__dsDNA_viruses__no_RNA_stage;f__Papillomaviridae;g__Alphapapillomavirus;s__Alphapapillomavirus_6,0.053267984058106746
d__Viruses;-__dsDNA_viruses__no_RNA_stage;f__Papillomaviridae;g__Alphapapillomavirus;s__Alphapapillomavirus_7,0.05641057659288858
d__Viruses;-__dsDNA_viruses__no_RNA_stage;f__Papillomaviridae;g__Alphapapillomavirus;s__Alphapapillomavirus_8,0.05290377631400951
d__Viruses;-__dsDNA_viruses__no_RNA_stage;f__Papillomaviridae;g__Alphapapillomavirus;s__Alphapapillomavirus_9,0.056889249627987803
d__Viruses;-__dsDNA_viruses__no_RNA_stage;f__Papillomaviridae;g__Betapapillomavirus;-__unclassified_Betapapillomavirus;s__Colobus_monkey_papillomavirus,0.046826709955358536
d__Viruses;-__dsDNA_viruses__no_RNA_stage;f__Papillomaviridae;g__Betapapillomavirus;s__Betapapillomavirus_1,0.05515145839186672
d__Viruses;-__dsDNA_viruses__no_RNA_stage;f__Papillomaviridae;g__Betapapillomavirus;s__Betapapillomavirus_2,0.05406924109512066
d__Viruses;-__dsDNA_viruses__no_RNA_stage;f__Papillomaviridae;g__Betapapillomavirus;s__Betapapillomavirus_3,0.04949062945504116
d__Viruses;-__dsDNA_viruses__no_RNA_stage;f__Papillomaviridae;g__Betapapillomavirus;s__Betapapillomavirus_4,0.047752838218920075
d__Viruses;-__dsDNA_viruses__no_RNA_stage;f__Papillomaviridae;g__Betapapillomavirus;s__Betapapillomavirus_5,0.049230481066400274
d__Viruses;-__dsDNA_viruses__no_RNA_stage;f__Papillomaviridae;g__Betapapillomavirus;s__Betapapillomavirus_6,0.048658154611390336
d__Viruses;-__dsDNA_viruses__no_RNA_stage;f__Papillomaviridae;g__Gammapapillomavirus;-__unclassified_Gammapapillomavirus;s__Human_papillomavirus_KC5,0.04392345393812631
d__Viruses;-__dsDNA_viruses__no_RNA_stage;f__Papillomaviridae;g__Gammapapillomavirus;-__unclassified_Gammapapillomavirus;s__Human_papillomavirus_type_201,0.04302854348120168
d__Viruses;-__dsDNA_viruses__no_RNA_stage;f__Papillomaviridae;g__Gammapapillomavirus;s__Gammapapillomavirus_1,0.04797136286537841
d__Viruses;-__dsDNA_viruses__no_RNA_stage;f__Papillomaviridae;g__Gammapapillomavirus;s__Gammapapillomavirus_10,0.04814826376965421
d__Viruses;-__dsDNA_viruses__no_RNA_stage;f__Papillomaviridae;g__Gammapapillomavirus;s__Gammapapillomavirus_11,0.043267879998751285
d__Viruses;-__dsDNA_viruses__no_RNA_stage;f__Papillomaviridae;g__Gammapapillomavirus;s__Gammapapillomavirus_12,0.04869977835357288
d__Viruses;-__dsDNA_viruses__no_RNA_stage;f__Papillomaviridae;g__Gammapapillomavirus;s__Gammapapillomavirus_13,0.04508891871923745
d__Viruses;-__dsDNA_viruses__no_RNA_stage;f__Papillomaviridae;g__Gammapapillomavirus;s__Gammapapillomavirus_14,0.044037919229128294
d__Viruses;-__dsDNA_viruses__no_RNA_stage;f__Papillomaviridae;g__Gammapapillomavirus;s__Gammapapillomavirus_15,0.04585895794961446
d__Viruses;-__dsDNA_viruses__no_RNA_stage;f__Papillomaviridae;g__Gammapapillomavirus;s__Gammapapillomavirus_16,0.04208160334654887
d__Viruses;-__dsDNA_viruses__no_RNA_stage;f__Papillomaviridae;g__Gammapapillomavirus;s__Gammapapillomavirus_17,0.043756958969396145
d__Viruses;-__dsDNA_viruses__no_RNA_stage;f__Papillomaviridae;g__Gammapapillomavirus;s__Gammapapillomavirus_18,0.04349681058075526
d__Viruses;-__dsDNA_viruses__no_RNA_stage;f__Papillomaviridae;g__Gammapapillomavirus;s__Gammapapillomavirus_19,0.045900581691797004
d__Viruses;-__dsDNA_viruses__no_RNA_stage;f__Papillomaviridae;g__Gammapapillomavirus;s__Gammapapillomavirus_2,0.045723680787521204
d__Viruses;-__dsDNA_viruses__no_RNA_stage;f__Papillomaviridae;g__Gammapapillomavirus;s__Gammapapillomavirus_20,0.04304935535229295
d__Viruses;-__dsDNA_viruses__no_RNA_stage;f__Papillomaviridae;g__Gammapapillomavirus;s__Gammapapillomavirus_21,0.0427683950925608
d__Viruses;-__dsDNA_viruses__no_RNA_stage;f__Papillomaviridae;g__Gammapapillomavirus;s__Gammapapillomavirus_22,0.0427683950925608
d__Viruses;-__dsDNA_viruses__no_RNA_stage;f__Papillomaviridae;g__Gammapapillomavirus;s__Gammapapillomavirus_24,0.04272677135037826
d__Viruses;-__dsDNA_viruses__no_RNA_stage;f__Papillomaviridae;g__Gammapapillomavirus;s__Gammapapillomavirus_3,0.04269555354374135
d__Viruses;-__dsDNA_viruses__no_RNA_stage;f__Papillomaviridae;g__Gammapapillomavirus;s__Gammapapillomavirus_4,0.043725741162759235
d__Viruses;-__dsDNA_viruses__no_RNA_stage;f__Papillomaviridae;g__Gammapapillomavirus;s__Gammapapillomavirus_5,0.043101385030021123
d__Viruses;-__dsDNA_viruses__no_RNA_stage;f__Papillomaviridae;g__Gammapapillomavirus;s__Gammapapillomavirus_6,0.04454781007086442
d__Viruses;-__dsDNA_viruses__no_RNA_stage;f__Papillomaviridae;g__Gammapapillomavirus;s__Gammapapillomavirus_7,0.04978199565031894
d__Viruses;-__dsDNA_viruses__no_RNA_stage;f__Papillomaviridae;g__Gammapapillomavirus;s__Gammapapillomavirus_8,0.04645209627571567
d__Viruses;-__dsDNA_viruses__no_RNA_stage;f__Papillomaviridae;g__Gammapapillomavirus;s__Gammapapillomavirus_9,0.04430847355331481
d__Viruses;-__dsDNA_viruses__no_RNA_stage;f__Papillomaviridae;g__Mupapillomavirus;s__Mupapillomavirus_1,0.046639403115537104
d__Viruses;-__dsDNA_viruses__no_RNA_stage;f__Papillomaviridae;g__Mupapillomavirus;s__Mupapillomavirus_2,0.04414197858458465
d__Viruses;-__dsDNA_viruses__no_RNA_stage;f__Papillomaviridae;g__Nupapillomavirus;s__Nupapillomavirus_1,0.0398755450108742
d__Viruses;-__dsDNA_viruses__no_RNA_stage;f__Polyomaviridae;-__unclassified_Polyomaviridae;s__KI_polyomavirus,0.0029240678883234996
d__Viruses;-__dsDNA_viruses__no_RNA_stage;f__Polyomaviridae;-__unclassified_Polyomaviridae;s__LI_polyomavirus,0.0026431076285913487
d__Viruses;-__dsDNA_viruses__no_RNA_stage;f__Polyomaviridae;-__unclassified_Polyomaviridae;s__MW_polyomavirus,0.0031842162769643804
d__Viruses;-__dsDNA_viruses__no_RNA_stage;f__Polyomaviridae;-__unclassified_Polyomaviridae;s__Merkel_cell_polyomavirus,0.0030905628570536635
d__Viruses;-__dsDNA_viruses__no_RNA_stage;f__Polyomaviridae;-__unclassified_Polyomaviridae;s__New_Jersey_polyomavirus_2013,0.0031842162769643804
d__Viruses;-__dsDNA_viruses__no_RNA_stage;f__Polyomaviridae;-__unclassified_Polyomaviridae;s__STL_polyomavirus,0.0028616322750496886
d__Viruses;-__dsDNA_viruses__no_RNA_stage;f__Polyomaviridae;-__unclassified_Polyomaviridae;s__Trichodysplasia_spinulosa_associated_polyomavirus,0.003798166474156859
d__Viruses;-__dsDNA_viruses__no_RNA_stage;f__Polyomaviridae;g__Alphapolyomavirus;s__Human_polyomavirus_12,0.0031529984703274746
d__Viruses;-__dsDNA_viruses__no_RNA_stage;f__Polyomaviridae;g__Alphapolyomavirus;s__Human_polyomavirus_9,0.003017721308234217
d__Viruses;-__dsDNA_viruses__no_RNA_stage;f__Polyomaviridae;g__Betapolyomavirus;s__Human_polyomavirus_1,0.0036837011831548716
d__Viruses;-__dsDNA_viruses__no_RNA_stage;f__Polyomaviridae;g__Betapolyomavirus;s__Human_polyomavirus_2,0.003975067378432658
d__Viruses;-__dsDNA_viruses__no_RNA_stage;f__Polyomaviridae;g__Betapolyomavirus;s__Human_polyomavirus_4,0.003257057825783827
d__Viruses;-__dsDNA_viruses__no_RNA_stage;f__Polyomaviridae;g__Betapolyomavirus;s__Macaca_mulatta_polyomavirus_1,0.00362126556988106
d__Viruses;-__dsDNA_viruses__no_RNA_stage;f__Polyomaviridae;g__Deltapolyomavirus;s__Human_polyomavirus_6,0.0029552856949604054
d__Viruses;-__dsDNA_viruses__no_RNA_stage;f__Polyomaviridae;g__Deltapolyomavirus;s__Human_polyomavirus_7,0.002986503501597311
d__Viruses;-__dsDNA_viruses__no_RNA_stage;f__Poxviridae;-__Chordopoxvirinae;g__Molluscipoxvirus;s__Molluscum_contagiosum_virus,0.07060427267713504
d__Viruses;-__dsDNA_viruses__no_RNA_stage;f__Poxviridae;-__Chordopoxvirinae;g__Orthopoxvirus;s__Cowpox_virus,0.10080229763056847
d__Viruses;-__dsDNA_viruses__no_RNA_stage;f__Poxviridae;-__Chordopoxvirinae;g__Orthopoxvirus;s__Ectromelia_virus,0.09265445009833609
d__Viruses;-__dsDNA_viruses__no_RNA_stage;f__Poxviridae;-__Chordopoxvirinae;g__Orthopoxvirus;s__Monkeypox_virus,0.09273769758270117
d__Viruses;-__dsDNA_viruses__no_RNA_stage;f__Poxviridae;-__Chordopoxvirinae;g__Orthopoxvirus;s__Vaccinia_virus,0.09725387360950687
d__Viruses;-__dsDNA_viruses__no_RNA_stage;f__Poxviridae;-__Chordopoxvirinae;g__Orthopoxvirus;s__Variola_virus,0.09205090583668925
d__Viruses;-__dsDNA_viruses__no_RNA_stage;f__Poxviridae;-__Chordopoxvirinae;g__Parapoxvirus;s__Orf_virus,0.07160324248951602
d__Viruses;-__dsDNA_viruses__no_RNA_stage;f__Poxviridae;-__Chordopoxvirinae;g__Yatapoxvirus;s__Tanapox_virus,0.0710933516477799
d__Viruses;-__dsDNA_viruses__no_RNA_stage;f__Poxviridae;-__Chordopoxvirinae;g__Yatapoxvirus;s__Yaba_monkey_tumor_virus,0.06706625459161906
d__Viruses;-__dsDNA_viruses__no_RNA_stage;o__Caudovirales;f__Podoviridae;-__Sepvirinae;g__Tl2011virus;s__Escherichia_virus_191,0.0016753556228472721
d__Viruses;-__dsDNA_viruses__no_RNA_stage;o__Caudovirales;f__Siphoviridae;g__Sextaecvirus;s__Staphylococcus_virus_Sextaec,0.0008636926502877242
d__Viruses;-__dsDNA_viruses__no_RNA_stage;o__Herpesvirales;f__Herpesviridae;-__Alphaherpesvirinae;g__Simplexvirus;s__Cercopithecine_alphaherpesvirus_2,0.0698862631244862
d__Viruses;-__dsDNA_viruses__no_RNA_stage;o__Herpesvirales;f__Herpesviridae;-__Alphaherpesvirinae;g__Simplexvirus;s__Human_alphaherpesvirus_1,0.07881455582264124
d__Viruses;-__dsDNA_viruses__no_RNA_stage;o__Herpesvirales;f__Herpesviridae;-__Alphaherpesvirinae;g__Simplexvirus;s__Human_alphaherpesvirus_2,0.07742016045952611
d__Viruses;-__dsDNA_viruses__no_RNA_stage;o__Herpesvirales;f__Herpesviridae;-__Alphaherpesvirinae;g__Simplexvirus;s__Macacine_alphaherpesvirus_1,0.073486716823276
d__Viruses;-__dsDNA_viruses__no_RNA_stage;o__Herpesvirales;f__Herpesviridae;-__Alphaherpesvirinae;g__Simplexvirus;s__Papiine_alphaherpesvirus_2,0.07347631088773036
d__Viruses;-__dsDNA_viruses__no_RNA_stage;o__Herpesvirales;f__Herpesviridae;-__Alphaherpesvirinae;g__Varicellovirus;s__Human_alphaherpesvirus_3,0.058637446799654526
d__Viruses;-__dsDNA_viruses__no_RNA_stage;o__Herpesvirales;f__Herpesviridae;-__Betaherpesvirinae;g__Cytomegalovirus;s__Cercopithecine_betaherpesvirus_5,0.059834129387402575
d__Viruses;-__dsDNA_viruses__no_RNA_stage;o__Herpesvirales;f__Herpesviridae;-__Betaherpesvirinae;g__Cytomegalovirus;s__Human_betaherpesvirus_5,0.08821111562034985
d__Viruses;-__dsDNA_viruses__no_RNA_stage;o__Herpesvirales;f__Herpesviridae;-__Betaherpesvirinae;g__Roseolovirus;s__Human_betaherpesvirus_6A,0.057534417631817186
d__Viruses;-__dsDNA_viruses__no_RNA_stage;o__Herpesvirales;f__Herpesviridae;-__Betaherpesvirinae;g__Roseolovirus;s__Human_betaherpesvirus_6B,0.05652504188389057
d__Viruses;-__dsDNA_viruses__no_RNA_stage;o__Herpesvirales;f__Herpesviridae;-__Betaherpesvirinae;g__Roseolovirus;s__Human_betaherpesvirus_7,0.052300232052362665
d__Viruses;-__dsDNA_viruses__no_RNA_stage;o__Herpesvirales;f__Herpesviridae;-__Gammaherpesvirinae;g__Lymphocryptovirus;s__Human_gammaherpesvirus_4,0.05934505041675772
d__Viruses;-__dsDNA_viruses__no_RNA_stage;o__Herpesvirales;f__Herpesviridae;-__Gammaherpesvirinae;g__Rhadinovirus;s__Human_gammaherpesvirus_8,0.056452200335071125
d__Viruses;-__dsRNA_viruses;f__Amalgaviridae;-__unclassified_Amalgaviridae;s__Zygosaccharomyces_bailii_virus_Z,0.0003746136796428683
d__Viruses;-__dsRNA_viruses;f__Picobirnaviridae;g__Picobirnavirus;s__Human_picobirnavirus,0.003943849571795752
d__Viruses;-__dsRNA_viruses;f__Reoviridae;-__Sedoreovirinae;g__Orbivirus;s__Great_Island_virus,0.0013215538142956743
d__Viruses;-__dsRNA_viruses;f__Reoviridae;-__Sedoreovirinae;g__Rotavirus;-__unclassified_rotaviruses;s__Rotavirus_I,0.005515145839186672
d__Viruses;-__dsRNA_viruses;f__Reoviridae;-__Sedoreovirinae;g__Rotavirus;s__Rotavirus_A,0.029927470629246923
d__Viruses;-__dsRNA_viruses;f__Reoviridae;-__Sedoreovirinae;g__Rotavirus;s__Rotavirus_B,0.007908511014682776
d__Viruses;-__dsRNA_viruses;f__Reoviridae;-__Sedoreovirinae;g__Rotavirus;s__Rotavirus_C,0.021457039095099845
d__Viruses;-__dsRNA_viruses;f__Reoviridae;-__Sedoreovirinae;g__Rotavirus;s__Rotavirus_F,0.012164538652847584
d__Viruses;-__dsRNA_viruses;f__Reoviridae;-__Sedoreovirinae;g__Rotavirus;s__Rotavirus_G,0.0060458485520140685
d__Viruses;-__dsRNA_viruses;f__Reoviridae;-__Sedoreovirinae;g__Rotavirus;s__Rotavirus_H,0.006597363135932736
d__Viruses;-__dsRNA_viruses;f__Reoviridae;-__Sedoreovirinae;g__Seadornavirus;s__Banna_virus,0.0026951373063195247
d__Viruses;-__dsRNA_viruses;f__Reoviridae;-__Sedoreovirinae;g__Seadornavirus;s__Kadipiro_virus,0.0013839894275694856
d__Viruses;-__dsRNA_viruses;f__Reoviridae;-__Sedoreovirinae;g__Seadornavirus;s__Liao_ning_virus,0.001446425040843297
d__Viruses;-__dsRNA_viruses;f__Reoviridae;-__Spinareovirinae;g__Coltivirus;s__Colorado_tick_fever_virus,0.0037149189897917774
d__Viruses;-__dsRNA_viruses;f__Reoviridae;-__Spinareovirinae;g__Coltivirus;s__Eyach_virus,0.0034963943433334375
d__Viruses;-__dsRNA_viruses;f__Reoviridae;-__Spinareovirinae;g__Orthoreovirus;s__Mammalian_orthoreovirus,0.002663919499682619
d__Viruses;-__dsRNA_viruses;f__Reoviridae;-__Spinareovirinae;g__Orthoreovirus;s__Pteropine_orthoreovirus,0.000988563876835347
d__Viruses;-__ssDNA_viruses;-__unclassified_ssDNA_viruses;s__MSSI2_225_virus,0.00014568309763889322
d__Viruses;-__ssDNA_viruses;-__unclassified_ssDNA_viruses;s__unidentified_circular_ssDNA_virus,0.0004578611640079501
d__Viruses;-__ssDNA_viruses;f__Anelloviridae;-__unclassified_Anelloviridae;s__Gorilla_anellovirus,0.0016025140740278255
d__Viruses;-__ssDNA_viruses;f__Anelloviridae;-__unclassified_Anelloviridae;s__Rodent_Torque_teno_virus_2,0.00035380180855159785
d__Viruses;-__ssDNA_viruses;f__Anelloviridae;-__unclassified_Anelloviridae;s__Seal_anellovirus_3,0.00011446529100198753
d__Viruses;-__ssDNA_viruses;f__Anelloviridae;-__unclassified_Anelloviridae;s__Seal_anellovirus_TFFN_USA_2006,0.00015608903318452846
d__Viruses;-__ssDNA_viruses;f__Anelloviridae;-__unclassified_Anelloviridae;s__Small_anellovirus,0.0016025140740278255
d__Viruses;-__ssDNA_viruses;f__Anelloviridae;-__unclassified_Anelloviridae;s__TTV_like_mini_virus,0.0021436227224008574
d__Viruses;-__ssDNA_viruses;f__Anelloviridae;-__unclassified_Anelloviridae;s__Torque_teno_virus,0.006160313843016056
d__Viruses;-__ssDNA_viruses;f__Anelloviridae;g__Alphatorquevirus;-__unclassified_Alphatorquevirus;s__Simian_torque_teno_virus_30,0.0017065734294841777
d__Viruses;-__ssDNA_viruses;f__Anelloviridae;g__Alphatorquevirus;-__unclassified_Alphatorquevirus;s__Simian_torque_teno_virus_32,0.001800226849394895
d__Viruses;-__ssDNA_viruses;f__Anelloviridae;g__Alphatorquevirus;-__unclassified_Alphatorquevirus;s__Simian_torque_teno_virus_33,0.0017586031072123539
d__Viruses;-__ssDNA_viruses;f__Anelloviridae;g__Alphatorquevirus;-__unclassified_Alphatorquevirus;s__Simian_torque_teno_virus_34,0.002018751495853235
d__Viruses;-__ssDNA_viruses;f__Anelloviridae;g__Alphatorquevirus;s__Torque_teno_virus_10,0.0025182364020437257
d__Viruses;-__ssDNA_viruses;f__Anelloviridae;g__Alphatorquevirus;s__Torque_teno_virus_12,0.002351741433313562
d__Viruses;-__ssDNA_viruses;f__Anelloviridae;g__Alphatorquevirus;s__Torque_teno_virus_14,0.001987533689216329
d__Viruses;-__ssDNA_viruses;f__Anelloviridae;g__Alphatorquevirus;s__Torque_teno_virus_15,0.00202915743139887
d__Viruses;-__ssDNA_viruses;f__Anelloviridae;g__Alphatorquevirus;s__Torque_teno_virus_16,0.0022788998844941156
d__Viruses;-__ssDNA_viruses;f__Anelloviridae;g__Alphatorquevirus;s__Torque_teno_virus_19,0.002258088013402845
d__Viruses;-__ssDNA_viruses;f__Anelloviridae;g__Alphatorquevirus;s__Torque_teno_virus_2,0.0023205236266766564
d__Viruses;-__ssDNA_viruses;f__Anelloviridae;g__Alphatorquevirus;s__Torque_teno_virus_25,0.0019042862048512471
d__Viruses;-__ssDNA_viruses;f__Anelloviridae;g__Alphatorquevirus;s__Torque_teno_virus_26,0.0017690090427579892
d__Viruses;-__ssDNA_viruses;f__Anelloviridae;g__Alphatorquevirus;s__Torque_teno_virus_27,0.0021124049157639517
d__Viruses;-__ssDNA_viruses;f__Anelloviridae;g__Alphatorquevirus;s__Torque_teno_virus_28,0.0020603752380357757
d__Viruses;-__ssDNA_viruses;f__Anelloviridae;g__Alphatorquevirus;s__Torque_teno_virus_3,0.0025598601442262665
d__Viruses;-__ssDNA_viruses;f__Anelloviridae;g__Alphatorquevirus;s__Torque_teno_virus_4,0.0025078304664980905
d__Viruses;-__ssDNA_viruses;f__Anelloviridae;g__Alphatorquevirus;s__Torque_teno_virus_6,0.0025182364020437257
d__Viruses;-__ssDNA_viruses;f__Anelloviridae;g__Alphatorquevirus;s__Torque_teno_virus_7,0.0023309295622222915
d__Viruses;-__ssDNA_viruses;f__Anelloviridae;g__Alphatorquevirus;s__Torque_teno_virus_8,0.002351741433313562
d__Viruses;-__ssDNA_viruses;f__Anelloviridae;g__Betatorquevirus;-__unclassified_Betatorquevirus;s__Torque_teno_mini_virus_18,0.0011966825877480515
d__Viruses;-__ssDNA_viruses;f__Anelloviridae;g__Betatorquevirus;-__unclassified_Betatorquevirus;s__Torque_teno_mini_virus_ALA22,0.0011134351033829696
d__Viruses;-__ssDNA_viruses;f__Anelloviridae;g__Betatorquevirus;-__unclassified_Betatorquevirus;s__Torque_teno_mini_virus_ALH8,0.0008012570370139128
d__Viruses;-__ssDNA_viruses;f__Anelloviridae;g__Betatorquevirus;s__Torque_teno_mini_virus_1,0.0014360191052976618
d__Viruses;-__ssDNA_viruses;f__Anelloviridae;g__Betatorquevirus;s__Torque_teno_mini_virus_2,0.0012903360076587686
d__Viruses;-__ssDNA_viruses;f__Anelloviridae;g__Betatorquevirus;s__Torque_teno_mini_virus_3,0.0011654647811111458
d__Viruses;-__ssDNA_viruses;f__Anelloviridae;g__Betatorquevirus;s__Torque_teno_mini_virus_5,0.001082217296746064
d__Viruses;-__ssDNA_viruses;f__Anelloviridae;g__Betatorquevirus;s__Torque_teno_mini_virus_6,0.0009157223280159002
d__Viruses;-__ssDNA_viruses;f__Anelloviridae;g__Betatorquevirus;s__Torque_teno_mini_virus_7,0.0008845045213789946
d__Viruses;-__ssDNA_viruses;f__Anelloviridae;g__Betatorquevirus;s__Torque_teno_mini_virus_8,0.0010301876190178878
d__Viruses;-__ssDNA_viruses;f__Anelloviridae;g__Epsilontorquevirus;s__Torque_teno_tamarin_virus,0.0007908511014682775
d__Viruses;-__ssDNA_viruses;f__Anelloviridae;g__Etatorquevirus;s__Torque_teno_felis_virus,0.00011446529100198753
d__Viruses;-__ssDNA_viruses;f__Anelloviridae;g__Gammatorquevirus;s__Torque_teno_midi_virus_1,0.0014776428474802027
d__Viruses;-__ssDNA_viruses;f__Anelloviridae;g__Gammatorquevirus;s__Torque_teno_midi_virus_2,0.0013319597498413095
d__Viruses;-__ssDNA_viruses;f__Anelloviridae;g__Iotatorquevirus;s__Torque_teno_sus_virus_1a,0.0010197816834722525
d__Viruses;-__ssDNA_viruses;f__Anelloviridae;g__Iotatorquevirus;s__Torque_teno_sus_virus_1b,0.0010301876190178878
d__Viruses;-__ssDNA_viruses;f__Anelloviridae;g__Kappatorquevirus;s__Torque_teno_sus_virus_k2,0.0007180095526488309
d__Viruses;-__ssDNA_viruses;f__Anelloviridae;g__Thetatorquevirus;s__Torque_teno_canis_virus,0.00036420774409723307
d__Viruses;-__ssDNA_viruses;f__Anelloviridae;g__Zetatorquevirus;s__Torque_teno_douroucouli_virus,0.0007076036171031957
d__Viruses;-__ssDNA_viruses;f__Circoviridae;-__Cyclovirus;-__unclassified_Cyclovirus;s__Cyclovirus_NG12,0.00012487122654762276
d__Viruses;-__ssDNA_viruses;f__Circoviridae;-__Cyclovirus;-__unclassified_Cyclovirus;s__Cyclovirus_NG14,0.0003433958730059626
d__Viruses;-__ssDNA_viruses;f__Circoviridae;-__Cyclovirus;-__unclassified_Cyclovirus;s__Cyclovirus_PK5006,0.00039542555073413877
d__Viruses;-__ssDNA_viruses;f__Circoviridae;-__Cyclovirus;-__unclassified_Cyclovirus;s__Cyclovirus_PK5222,0.00035380180855159785
d__Viruses;-__ssDNA_viruses;f__Circoviridae;-__Cyclovirus;-__unclassified_Cyclovirus;s__Cyclovirus_PK5510,0.0008740985858333594
d__Viruses;-__ssDNA_viruses;f__Circoviridae;-__Cyclovirus;-__unclassified_Cyclovirus;s__Cyclovirus_VN,0.00033298993746032736
d__Viruses;-__ssDNA_viruses;f__Circoviridae;-__Cyclovirus;-__unclassified_Cyclovirus;s__Human_cyclovirus,0.0003850196151885035
d__Viruses;-__ssDNA_viruses;f__Circoviridae;g__Circovirus;s__Human_faeces_associated_circovirus,0.00033298993746032736
d__Viruses;-__ssDNA_viruses;f__Circoviridae;g__Circovirus;s__Porcine_circovirus_2,0.0025078304664980905
d__Viruses;-__ssDNA_viruses;f__Circoviridae;g__Gyrovirus;-__unclassified_Gyrovirus;s__Gyrovirus_GyV3,0.00014568309763889322
d__Viruses;-__ssDNA_viruses;f__Circoviridae;g__Gyrovirus;s__Chicken_anemia_virus,0.0003746136796428683
d__Viruses;-__ssDNA_viruses;f__Inoviridae;-__environmental_samples;s__Uncultured_phage_WW_nAnB_strain_2,0.0004266433573710444
d__Viruses;-__ssDNA_viruses;f__Inoviridae;-__environmental_samples;s__Uncultured_phage_WW_nAnB_strain_3,0.0003433958730059626
d__Viruses;-__ssDNA_viruses;f__Parvoviridae;-__Parvovirinae;-__unclassified_Parvovirinae;s__Bufavirus_3,0.00113424697447424
d__Viruses;-__ssDNA_viruses;f__Parvoviridae;-__Parvovirinae;-__unclassified_Parvovirinae;s__Parvovirus_NIH_CQV,0.00019771277536706939
d__Viruses;-__ssDNA_viruses;f__Parvoviridae;-__Parvovirinae;g__Bocaparvovirus;-__unclassified_Bocaparvovirus;s__Human_bocavirus,0.0016545437517560017
d__Viruses;-__ssDNA_viruses;f__Parvoviridae;-__Parvovirinae;g__Bocaparvovirus;s__Primate_bocaparvovirus_1,0.001040593554563523
d__Viruses;-__ssDNA_viruses;f__Parvoviridae;-__Parvovirinae;g__Bocaparvovirus;s__Primate_bocaparvovirus_2,0.0014568309763889323
d__Viruses;-__ssDNA_viruses;f__Parvoviridae;-__Parvovirinae;g__Dependoparvovirus;s__Adeno_associated_dependoparvovirus_A,0.001581702202936555
d__Viruses;-__ssDNA_viruses;f__Parvoviridae;-__Parvovirinae;g__Dependoparvovirus;s__Adeno_associated_dependoparvovirus_B,0.0013631775564782152
d__Viruses;-__ssDNA_viruses;f__Parvoviridae;-__Parvovirinae;g__Erythroparvovirus;-__unclassified_Erythrovirus;s__Human_erythrovirus_V9,0.003257057825783827
d__Viruses;-__ssDNA_viruses;f__Parvoviridae;-__Parvovirinae;g__Erythroparvovirus;s__Primate_erythroparvovirus_1,0.003444364665605261
d__Viruses;-__ssDNA_viruses;f__Parvoviridae;-__Parvovirinae;g__Tetraparvovirus;s__Primate_tetraparvovirus_1,0.0013319597498413095
d__Viruses;-__ssRNA_viruses;-__ssRNA_negative_strand_viruses;f__Arenaviridae;-__unclassified_Arenaviridae;g__Arenavirus;-__Old_world_arenaviruses;-__unclassified_Old_world_arenaviruses;s__Mopeia_Lassa_virus_reassortant_29,0.008751391793879229
d__Viruses;-__ssRNA_viruses;-__ssRNA_negative_strand_viruses;f__Arenaviridae;-__unclassified_Arenaviridae;s__Morogoro_mammarenavirus,0.005036472804087451
d__Viruses;-__ssRNA_viruses;-__ssRNA_negative_strand_viruses;f__Arenaviridae;g__Mammarenavirus;s__Allpahuayo_mammarenavirus,0.00899072831142884
d__Viruses;-__ssRNA_viruses;-__ssRNA_negative_strand_viruses;f__Arenaviridae;g__Mammarenavirus;s__Amapar_mammarenavirus,0.009552648830893141
d__Viruses;-__ssRNA_viruses;-__ssRNA_negative_strand_viruses;f__Arenaviridae;g__Mammarenavirus;s__Bear_Canyon_mammarenavirus,0.009063569860248286
d__Viruses;-__ssRNA_viruses;-__ssRNA_negative_strand_viruses;f__Arenaviridae;g__Mammarenavirus;s__Chapare_mammarenavirus,0.009615084444166953
d__Viruses;-__ssRNA_viruses;-__ssRNA_negative_strand_viruses;f__Arenaviridae;g__Mammarenavirus;s__Cupixi_mammarenavirus,0.009625490379712588
d__Viruses;-__ssRNA_viruses;-__ssRNA_negative_strand_viruses;f__Arenaviridae;g__Mammarenavirus;s__Flexal_mammarenavirus,0.009105193602430827
d__Viruses;-__ssRNA_viruses;-__ssRNA_negative_strand_viruses;f__Arenaviridae;g__Mammarenavirus;s__Gairo_mammarenavirus,0.008709768051696688
d__Viruses;-__ssRNA_viruses;-__ssRNA_negative_strand_viruses;f__Arenaviridae;g__Mammarenavirus;s__Guanarito_mammarenavirus,0.010260252447996337
d__Viruses;-__ssRNA_viruses;-__ssRNA_negative_strand_viruses;f__Arenaviridae;g__Mammarenavirus;s__Ippy_mammarenavirus,0.008480837469692713
d__Viruses;-__ssRNA_viruses;-__ssRNA_negative_strand_viruses;f__Arenaviridae;g__Mammarenavirus;s__Junin_mammarenavirus,0.009916856574990375
d__Viruses;-__ssRNA_viruses;-__ssRNA_negative_strand_viruses;f__Arenaviridae;g__Mammarenavirus;s__Lassa_mammarenavirus,0.013267567820684919
d__Viruses;-__ssRNA_viruses;-__ssRNA_negative_strand_viruses;f__Arenaviridae;g__Mammarenavirus;s__Latino_mammarenavirus,0.009334124184434802
d__Viruses;-__ssRNA_viruses;-__ssRNA_negative_strand_viruses;f__Arenaviridae;g__Mammarenavirus;s__Lujo_mammarenavirus,0.007991758499047857
d__Viruses;-__ssRNA_viruses;-__ssRNA_negative_strand_viruses;f__Arenaviridae;g__Mammarenavirus;s__Luna_mammarenavirus,0.009396559797708613
d__Viruses;-__ssRNA_viruses;-__ssRNA_negative_strand_viruses;f__Arenaviridae;g__Mammarenavirus;s__Lunk_mammarenavirus,0.008407995920873266
d__Viruses;-__ssRNA_viruses;-__ssRNA_negative_strand_viruses;f__Arenaviridae;g__Mammarenavirus;s__Lymphocytic_choriomeningitis_mammarenavirus,0.00994807438162728
d__Viruses;-__ssRNA_viruses;-__ssRNA_negative_strand_viruses;f__Arenaviridae;g__Mammarenavirus;s__Machupo_mammarenavirus,0.010249846512450702
d__Viruses;-__ssRNA_viruses;-__ssRNA_negative_strand_viruses;f__Arenaviridae;g__Mammarenavirus;s__Mobala_mammarenavirus,0.008688956180605417
d__Viruses;-__ssRNA_viruses;-__ssRNA_negative_strand_viruses;f__Arenaviridae;g__Mammarenavirus;s__Mopeia_mammarenavirus,0.009021946118065744
d__Viruses;-__ssRNA_viruses;-__ssRNA_negative_strand_viruses;f__Arenaviridae;g__Mammarenavirus;s__Oliveros_mammarenavirus,0.009365341991071707
d__Viruses;-__ssRNA_viruses;-__ssRNA_negative_strand_viruses;f__Arenaviridae;g__Mammarenavirus;s__Parana_mammarenavirus,0.00905316392470265
d__Viruses;-__ssRNA_viruses;-__ssRNA_negative_strand_viruses;f__Arenaviridae;g__Mammarenavirus;s__Pichinde_mammarenavirus,0.00899072831142884
d__Viruses;-__ssRNA_viruses;-__ssRNA_negative_strand_viruses;f__Arenaviridae;g__Mammarenavirus;s__Pirital_mammarenavirus,0.009115599537976462
d__Viruses;-__ssRNA_viruses;-__ssRNA_negative_strand_viruses;f__Arenaviridae;g__Mammarenavirus;s__Sabia_mammarenavirus,0.00972954973516894
d__Viruses;-__ssRNA_viruses;-__ssRNA_negative_strand_viruses;f__Arenaviridae;g__Mammarenavirus;s__Tacaribe_mammarenavirus,0.009781579412897116
d__Viruses;-__ssRNA_viruses;-__ssRNA_negative_strand_viruses;f__Arenaviridae;g__Mammarenavirus;s__Tamiami_mammarenavirus,0.008949104569246299
d__Viruses;-__ssRNA_viruses;-__ssRNA_negative_strand_viruses;f__Arenaviridae;g__Mammarenavirus;s__Whitewater_Arroyo_mammarenavirus,0.00964630225080386
d__Viruses;-__ssRNA_viruses;-__ssRNA_negative_strand_viruses;f__Arenaviridae;g__Reptarenavirus;s__Alethinophid_1_reptarenavirus,0.003205028148055651
d__Viruses;-__ssRNA_viruses;-__ssRNA_negative_strand_viruses;f__Arenaviridae;g__Reptarenavirus;s__Alethinophid_3_reptarenavirus,0.003423552794513991
d__Viruses;-__ssRNA_viruses;-__ssRNA_negative_strand_viruses;f__Orthomyxoviridae;g__Influenzavirus_A;s__Influenza_A_virus,0.06555739393750196
d__Viruses;-__ssRNA_viruses;-__ssRNA_negative_strand_viruses;f__Orthomyxoviridae;g__Influenzavirus_B;s__Influenza_B_virus,0.04291407819019969
d__Viruses;-__ssRNA_viruses;-__ssRNA_negative_strand_viruses;f__Orthomyxoviridae;g__Influenzavirus_C;s__Influenza_C_virus,0.019105297661786282
d__Viruses;-__ssRNA_viruses;-__ssRNA_negative_strand_viruses;f__Orthomyxoviridae;g__Thogotovirus;s__Dhori_virus,0.004266433573710445
d__Viruses;-__ssRNA_viruses;-__ssRNA_negative_strand_viruses;f__Orthomyxoviridae;g__Thogotovirus;s__Thogoto_virus,0.003673295247609236
d__Viruses;-__ssRNA_viruses;-__ssRNA_negative_strand_viruses;o__Bunyavirales;f__Hantaviridae;g__Orthohantavirus;-__unclassified_Orthohantavirus;-__unclassified_Hantavirus;s__Hantavirus_Z10,0.007180095526488309
d__Viruses;-__ssRNA_viruses;-__ssRNA_negative_strand_viruses;o__Bunyavirales;f__Hantaviridae;g__Orthohantavirus;s__Bowe_orthohantavirus,0.007148877719851403
d__Viruses;-__ssRNA_viruses;-__ssRNA_negative_strand_viruses;o__Bunyavirales;f__Hantaviridae;g__Orthohantavirus;s__Bruges_orthohantavirus,0.007190501462033944
d__Viruses;-__ssRNA_viruses;-__ssRNA_negative_strand_viruses;o__Bunyavirales;f__Hantaviridae;g__Orthohantavirus;s__Cao_Bang_orthohantavirus,0.0073361845596728375
d__Viruses;-__ssRNA_viruses;-__ssRNA_negative_strand_viruses;o__Bunyavirales;f__Hantaviridae;g__Orthohantavirus;s__Dobrava_Belgrade_orthohantavirus,0.0076691744971331645
d__Viruses;-__ssRNA_viruses;-__ssRNA_negative_strand_viruses;o__Bunyavirales;f__Hantaviridae;g__Orthohantavirus;s__Fugong_orthohantavirus,0.007252937075307756
d__Viruses;-__ssRNA_viruses;-__ssRNA_negative_strand_viruses;o__Bunyavirales;f__Hantaviridae;g__Orthohantavirus;s__Hantaan_orthohantavirus,0.0072633430108533905
d__Viruses;-__ssRNA_viruses;-__ssRNA_negative_strand_viruses;o__Bunyavirales;f__Hantaviridae;g__Orthohantavirus;s__Jeju_orthohantavirus,0.007044818364395051
d__Viruses;-__ssRNA_viruses;-__ssRNA_negative_strand_viruses;o__Bunyavirales;f__Hantaviridae;g__Orthohantavirus;s__Montano_orthohantavirus,0.007232125204216485
d__Viruses;-__ssRNA_viruses;-__ssRNA_negative_strand_viruses;o__Bunyavirales;f__Hantaviridae;g__Orthohantavirus;s__Nova_orthohantavirus,0.006888729331210522
d__Viruses;-__ssRNA_viruses;-__ssRNA_negative_strand_viruses;o__Bunyavirales;f__Hantaviridae;g__Orthohantavirus;s__Puumala_orthohantavirus,0.007367402366309743
d__Viruses;-__ssRNA_viruses;-__ssRNA_negative_strand_viruses;o__Bunyavirales;f__Hantaviridae;g__Orthohantavirus;s__Quezon_orthohantavirus,0.006659798749206547
d__Viruses;-__ssRNA_viruses;-__ssRNA_negative_strand_viruses;o__Bunyavirales;f__Hantaviridae;g__Orthohantavirus;s__Seoul_orthohantavirus,0.0070864421065775915
d__Viruses;-__ssRNA_viruses;-__ssRNA_negative_strand_viruses;o__Bunyavirales;f__Hantaviridae;g__Orthohantavirus;s__Sin_Nombre_orthohantavirus,0.00720090739757958
d__Viruses;-__ssRNA_viruses;-__ssRNA_negative_strand_viruses;o__Bunyavirales;f__Hantaviridae;g__Orthohantavirus;s__Tula_orthohantavirus,0.007325778624127202
d__Viruses;-__ssRNA_viruses;-__ssRNA_negative_strand_viruses;o__Bunyavirales;f__Nairoviridae;g__Orthonairovirus;-__unclassified_Nairovirus;s__Leopards_Hill_virus,0.004849165964266018
d__Viruses;-__ssRNA_viruses;-__ssRNA_negative_strand_viruses;o__Bunyavirales;f__Nairoviridae;g__Orthonairovirus;-__unclassified_Nairovirus;s__Tofla_virus,0.006337214747291855
d__Viruses;-__ssRNA_viruses;-__ssRNA_negative_strand_viruses;o__Bunyavirales;f__Nairoviridae;g__Orthonairovirus;-__unclassified_Nairovirus;s__Yogue_virus,0.004745106608809665
d__Viruses;-__ssRNA_viruses;-__ssRNA_negative_strand_viruses;o__Bunyavirales;f__Nairoviridae;g__Orthonairovirus;s__Crimean_Congo_hemorrhagic_fever_orthonairovirus,0.006514115651567654
d__Viruses;-__ssRNA_viruses;-__ssRNA_negative_strand_viruses;o__Bunyavirales;f__Nairoviridae;g__Orthonairovirus;s__Dugbe_orthonairovirus,0.00632680881174622
d__Viruses;-__ssRNA_viruses;-__ssRNA_negative_strand_viruses;o__Bunyavirales;f__Nairoviridae;g__Orthonairovirus;s__Hughes_orthonairovirus,0.004682670995535853
d__Viruses;-__ssRNA_viruses;-__ssRNA_negative_strand_viruses;o__Bunyavirales;f__Nairoviridae;g__Orthonairovirus;s__Kasokero_orthonairovirus,0.00113424697447424
d__Viruses;-__ssRNA_viruses;-__ssRNA_negative_strand_viruses;o__Bunyavirales;f__Nairoviridae;g__Orthonairovirus;s__Keterah_orthonairovirus,0.004713888802172759
d__Viruses;-__ssRNA_viruses;-__ssRNA_negative_strand_viruses;o__Bunyavirales;f__Nairoviridae;g__Orthonairovirus;s__Nairobi_sheep_disease_orthonairovirus,0.0068783233956648876
d__Viruses;-__ssRNA_viruses;-__ssRNA_negative_strand_viruses;o__Bunyavirales;f__Nairoviridae;g__Orthonairovirus;s__Thiafora_orthonairovirus,0.0056400170657342945
d__Viruses;-__ssRNA_viruses;-__ssRNA_negative_strand_viruses;o__Bunyavirales;f__Peribunyaviridae;g__Orthobunyavirus;-__unclassified_Orthobunyavirus;s__Brazoran_virus,0.003080156921508028
d__Viruses;-__ssRNA_viruses;-__ssRNA_negative_strand_viruses;o__Bunyavirales;f__Peribunyaviridae;g__Orthobunyavirus;s__Akabane_orthobunyavirus,0.003964661442887023
d__Viruses;-__ssRNA_viruses;-__ssRNA_negative_strand_viruses;o__Bunyavirales;f__Peribunyaviridae;g__Orthobunyavirus;s__Bunyamwera_orthobunyavirus,0.005400680548184685
d__Viruses;-__ssRNA_viruses;-__ssRNA_negative_strand_viruses;o__Bunyavirales;f__Peribunyaviridae;g__Orthobunyavirus;s__Bwamba_orthobunyavirus,0.003787760538611224
d__Viruses;-__ssRNA_viruses;-__ssRNA_negative_strand_viruses;o__Bunyavirales;f__Peribunyaviridae;g__Orthobunyavirus;s__California_encephalitis_orthobunyavirus,0.006514115651567654
d__Viruses;-__ssRNA_viruses;-__ssRNA_negative_strand_viruses;o__Bunyavirales;f__Peribunyaviridae;g__Orthobunyavirus;s__Capim_orthobunyavirus,0.0031425925347818395
d__Viruses;-__ssRNA_viruses;-__ssRNA_negative_strand_viruses;o__Bunyavirales;f__Peribunyaviridae;g__Orthobunyavirus;s__Caraparu_orthobunyavirus,0.003423552794513991
d__Viruses;-__ssRNA_viruses;-__ssRNA_negative_strand_viruses;o__Bunyavirales;f__Peribunyaviridae;g__Orthobunyavirus;s__Guaroa_orthobunyavirus,0.003652483376517966
d__Viruses;-__ssRNA_viruses;-__ssRNA_negative_strand_viruses;o__Bunyavirales;f__Peribunyaviridae;g__Orthobunyavirus;s__Kaeng_Khoi_orthobunyavirus,0.00338192905233145
d__Viruses;-__ssRNA_viruses;-__ssRNA_negative_strand_viruses;o__Bunyavirales;f__Peribunyaviridae;g__Orthobunyavirus;s__Madrid_orthobunyavirus,0.0034027409234227203
d__Viruses;-__ssRNA_viruses;-__ssRNA_negative_strand_viruses;o__Bunyavirales;f__Peribunyaviridae;g__Orthobunyavirus;s__Manzanilla_orthobunyavirus,0.003433958730059626
d__Viruses;-__ssRNA_viruses;-__ssRNA_negative_strand_viruses;o__Bunyavirales;f__Peribunyaviridae;g__Orthobunyavirus;s__Marituba_orthobunyavirus,0.003267463761329462
d__Viruses;-__ssRNA_viruses;-__ssRNA_negative_strand_viruses;o__Bunyavirales;f__Peribunyaviridae;g__Orthobunyavirus;s__Nyando_orthobunyavirus,0.00360045369878979
d__Viruses;-__ssRNA_viruses;-__ssRNA_negative_strand_viruses;o__Bunyavirales;f__Peribunyaviridae;g__Orthobunyavirus;s__Oriboca_orthobunyavirus,0.00316340440587311
d__Viruses;-__ssRNA_viruses;-__ssRNA_negative_strand_viruses;o__Bunyavirales;f__Peribunyaviridae;g__Orthobunyavirus;s__Oropouche_orthobunyavirus,0.003881413958521941
d__Viruses;-__ssRNA_viruses;-__ssRNA_negative_strand_viruses;o__Bunyavirales;f__Peribunyaviridae;g__Orthobunyavirus;s__Sathuperi_orthobunyavirus,0.003798166474156859
d__Viruses;-__ssRNA_viruses;-__ssRNA_negative_strand_viruses;o__Bunyavirales;f__Peribunyaviridae;g__Orthobunyavirus;s__Shamonda_orthobunyavirus,0.0036316715054266952
d__Viruses;-__ssRNA_viruses;-__ssRNA_negative_strand_viruses;o__Bunyavirales;f__Peribunyaviridae;g__Orthobunyavirus;s__Shuni_orthobunyavirus,0.0035276121499703433
d__Viruses;-__ssRNA_viruses;-__ssRNA_negative_strand_viruses;o__Bunyavirales;f__Peribunyaviridae;g__Orthobunyavirus;s__Simbu_orthobunyavirus,0.0033090875035120034
d__Viruses;-__ssRNA_viruses;-__ssRNA_negative_strand_viruses;o__Bunyavirales;f__Peribunyaviridae;g__Orthobunyavirus;s__Tete_orthobunyavirus,0.003704513054246142
d__Viruses;-__ssRNA_viruses;-__ssRNA_negative_strand_viruses;o__Bunyavirales;f__Peribunyaviridae;g__Orthobunyavirus;s__Wyeomyia_orthobunyavirus,0.0038085724097024942
d__Viruses;-__ssRNA_viruses;-__ssRNA_negative_strand_viruses;o__Bunyavirales;f__Phenuiviridae;g__Phlebovirus;-__unclassified_Phlebovirus;-__Bhanja_serogroup;s__Bhanja_virus,0.0036316715054266952
d__Viruses;-__ssRNA_viruses;-__ssRNA_negative_strand_viruses;o__Bunyavirales;f__Phenuiviridae;g__Phlebovirus;-__unclassified_Phlebovirus;-__Bhanja_serogroup;s__Razdan_virus,0.0031529984703274746
d__Viruses;-__ssRNA_viruses;-__ssRNA_negative_strand_viruses;o__Bunyavirales;f__Phenuiviridae;g__Phlebovirus;-__unclassified_Phlebovirus;s__Aguacate_virus,0.007076036171031957
d__Viruses;-__ssRNA_viruses;-__ssRNA_negative_strand_viruses;o__Bunyavirales;f__Phenuiviridae;g__Phlebovirus;-__unclassified_Phlebovirus;s__Ambe_virus,0.006441274102748208
d__Viruses;-__ssRNA_viruses;-__ssRNA_negative_strand_viruses;o__Bunyavirales;f__Phenuiviridae;g__Phlebovirus;-__unclassified_Phlebovirus;s__Anhanga_virus,0.0065245215871132895
d__Viruses;-__ssRNA_viruses;-__ssRNA_negative_strand_viruses;o__Bunyavirales;f__Phenuiviridae;g__Phlebovirus;-__unclassified_Phlebovirus;s__Arrabida_virus,0.003652483376517966
d__Viruses;-__ssRNA_viruses;-__ssRNA_negative_strand_viruses;o__Bunyavirales;f__Phenuiviridae;g__Phlebovirus;-__unclassified_Phlebovirus;s__Arumowot_virus,0.0061707197785616915
d__Viruses;-__ssRNA_viruses;-__ssRNA_negative_strand_viruses;o__Bunyavirales;f__Phenuiviridae;g__Phlebovirus;-__unclassified_Phlebovirus;s__Heartland_virus,0.003923037700704482
d__Viruses;-__ssRNA_viruses;-__ssRNA_negative_strand_viruses;o__Bunyavirales;f__Phenuiviridae;g__Phlebovirus;-__unclassified_Phlebovirus;s__Sandfly_fever_Sicilian_virus,0.0067638581046629
d__Viruses;-__ssRNA_viruses;-__ssRNA_negative_strand_viruses;o__Bunyavirales;f__Phenuiviridae;g__Phlebovirus;-__unclassified_Phlebovirus;s__Tapara_virus,0.006555739393750195
d__Viruses;-__ssRNA_viruses;-__ssRNA_negative_strand_viruses;o__Bunyavirales;f__Phenuiviridae;g__Phlebovirus;-__unclassified_Phlebovirus;s__Toros_virus,0.0037773546030655885
d__Viruses;-__ssRNA_viruses;-__ssRNA_negative_strand_viruses;o__Bunyavirales;f__Phenuiviridae;g__Phlebovirus;-__unclassified_Phlebovirus;s__Uriurana_virus,0.006815887782391076
d__Viruses;-__ssRNA_viruses;-__ssRNA_negative_strand_viruses;o__Bunyavirales;f__Phenuiviridae;g__Phlebovirus;-__unclassified_Phlebovirus;s__Urucuri_virus,0.006691016555843453
d__Viruses;-__ssRNA_viruses;-__ssRNA_negative_strand_viruses;o__Bunyavirales;f__Phenuiviridae;g__Phlebovirus;-__unclassified_Phlebovirus;s__Zerdali_virus,0.003652483376517966
d__Viruses;-__ssRNA_viruses;-__ssRNA_negative_strand_viruses;o__Bunyavirales;f__Phenuiviridae;g__Phlebovirus;s__Bujaru_phlebovirus,0.006711828426934723
d__Viruses;-__ssRNA_viruses;-__ssRNA_negative_strand_viruses;o__Bunyavirales;f__Phenuiviridae;g__Phlebovirus;s__Candiru_phlebovirus,0.007970946627956586
d__Viruses;-__ssRNA_viruses;-__ssRNA_negative_strand_viruses;o__Bunyavirales;f__Phenuiviridae;g__Phlebovirus;s__Punta_Toro_phlebovirus,0.007585927012768083
d__Viruses;-__ssRNA_viruses;-__ssRNA_negative_strand_viruses;o__Bunyavirales;f__Phenuiviridae;g__Phlebovirus;s__Rift_Valley_fever_phlebovirus,0.007585927012768083
d__Viruses;-__ssRNA_viruses;-__ssRNA_negative_strand_viruses;o__Bunyavirales;f__Phenuiviridae;g__Phlebovirus;s__SFTS_phlebovirus,0.004609829446716407
d__Viruses;-__ssRNA_viruses;-__ssRNA_negative_strand_viruses;o__Bunyavirales;f__Phenuiviridae;g__Phlebovirus;s__Salehabad_phlebovirus,0.006514115651567654
d__Viruses;-__ssRNA_viruses;-__ssRNA_negative_strand_viruses;o__Bunyavirales;f__Phenuiviridae;g__Phlebovirus;s__Sandfly_fever_Naples_phlebovirus,0.008199877209960562
d__Viruses;-__ssRNA_viruses;-__ssRNA_negative_strand_viruses;o__Bunyavirales;f__Phenuiviridae;g__Phlebovirus;s__Uukuniemi_phlebovirus,0.005910571389920811
d__Viruses;-__ssRNA_viruses;-__ssRNA_negative_strand_viruses;o__Mononegavirales;f__Filoviridae;g__Cuevavirus;s__Lloviu_cuevavirus,0.01125922226037732
d__Viruses;-__ssRNA_viruses;-__ssRNA_negative_strand_viruses;o__Mononegavirales;f__Filoviridae;g__Ebolavirus;s__Bundibugyo_ebolavirus,0.012289409879395207
d__Viruses;-__ssRNA_viruses;-__ssRNA_negative_strand_viruses;o__Mononegavirales;f__Filoviridae;g__Ebolavirus;s__Reston_ebolavirus,0.012726459172311886
d__Viruses;-__ssRNA_viruses;-__ssRNA_negative_strand_viruses;o__Mononegavirales;f__Filoviridae;g__Ebolavirus;s__Sudan_ebolavirus,0.012403875170397195
d__Viruses;-__ssRNA_viruses;-__ssRNA_negative_strand_viruses;o__Mononegavirales;f__Filoviridae;g__Ebolavirus;s__Tai_Forest_ebolavirus,0.012320627686032112
d__Viruses;-__ssRNA_viruses;-__ssRNA_negative_strand_viruses;o__Mononegavirales;f__Filoviridae;g__Ebolavirus;s__Zaire_ebolavirus,0.01337162717614127
d__Viruses;-__ssRNA_viruses;-__ssRNA_negative_strand_viruses;o__Mononegavirales;f__Filoviridae;g__Marburgvirus;s__Marburg_marburgvirus,0.01265361762349244
d__Viruses;-__ssRNA_viruses;-__ssRNA_negative_strand_viruses;o__Mononegavirales;f__Paramyxoviridae;-__unclassified_Paramyxoviridae;s__Beilong_virus,0.011404905358016212
d__Viruses;-__ssRNA_viruses;-__ssRNA_negative_strand_viruses;o__Mononegavirales;f__Paramyxoviridae;-__unclassified_Paramyxoviridae;s__J_virus,0.011394499422470577
d__Viruses;-__ssRNA_viruses;-__ssRNA_negative_strand_viruses;o__Mononegavirales;f__Paramyxoviridae;-__unclassified_Paramyxoviridae;s__Mossman_virus,0.009864826897262199
d__Viruses;-__ssRNA_viruses;-__ssRNA_negative_strand_viruses;o__Mononegavirales;f__Paramyxoviridae;-__unclassified_Paramyxoviridae;s__Nariva_virus,0.010062539672629267
d__Viruses;-__ssRNA_viruses;-__ssRNA_negative_strand_viruses;o__Mononegavirales;f__Paramyxoviridae;-__unclassified_Paramyxoviridae;s__Salem_virus,0.009864826897262199
d__Viruses;-__ssRNA_viruses;-__ssRNA_negative_strand_viruses;o__Mononegavirales;f__Paramyxoviridae;-__unclassified_Paramyxoviridae;s__Tailam_virus,0.01154018252010947
d__Viruses;-__ssRNA_viruses;-__ssRNA_negative_strand_viruses;o__Mononegavirales;f__Paramyxoviridae;-__unclassified_Paramyxoviridae;s__Tupaia_paramyxovirus,0.010468371158909041
d__Viruses;-__ssRNA_viruses;-__ssRNA_negative_strand_viruses;o__Mononegavirales;f__Paramyxoviridae;g__Aquaparamyxovirus;s__Salmon_aquaparamyxovirus,0.010634866127639206
d__Viruses;-__ssRNA_viruses;-__ssRNA_negative_strand_viruses;o__Mononegavirales;f__Paramyxoviridae;g__Avulavirus;-__unclassified_Avulavirus;s__Avian_paramyxovirus_13,0.009219658893432814
d__Viruses;-__ssRNA_viruses;-__ssRNA_negative_strand_viruses;o__Mononegavirales;f__Paramyxoviridae;g__Avulavirus;s__Avian_avulavirus_1,0.017377912361210834
d__Viruses;-__ssRNA_viruses;-__ssRNA_negative_strand_viruses;o__Mononegavirales;f__Paramyxoviridae;g__Avulavirus;s__Avian_avulavirus_10,0.008751391793879229
d__Viruses;-__ssRNA_viruses;-__ssRNA_negative_strand_viruses;o__Mononegavirales;f__Paramyxoviridae;g__Avulavirus;s__Avian_avulavirus_11,0.009209252957887179
d__Viruses;-__ssRNA_viruses;-__ssRNA_negative_strand_viruses;o__Mononegavirales;f__Paramyxoviridae;g__Avulavirus;s__Avian_avulavirus_12,0.008876263020426852
d__Viruses;-__ssRNA_viruses;-__ssRNA_negative_strand_viruses;o__Mononegavirales;f__Paramyxoviridae;g__Avulavirus;s__Avian_avulavirus_3,0.008740985858333593
d__Viruses;-__ssRNA_viruses;-__ssRNA_negative_strand_viruses;o__Mononegavirales;f__Paramyxoviridae;g__Avulavirus;s__Avian_avulavirus_4,0.008928292698155028
d__Viruses;-__ssRNA_viruses;-__ssRNA_negative_strand_viruses;o__Mononegavirales;f__Paramyxoviridae;g__Avulavirus;s__Avian_avulavirus_5,0.009781579412897116
d__Viruses;-__ssRNA_viruses;-__ssRNA_negative_strand_viruses;o__Mononegavirales;f__Paramyxoviridae;g__Avulavirus;s__Avian_avulavirus_6,0.02518236402043726
d__Viruses;-__ssRNA_viruses;-__ssRNA_negative_strand_viruses;o__Mononegavirales;f__Paramyxoviridae;g__Avulavirus;s__Avian_avulavirus_7,0.009354936055526073
d__Viruses;-__ssRNA_viruses;-__ssRNA_negative_strand_viruses;o__Mononegavirales;f__Paramyxoviridae;g__Avulavirus;s__Avian_avulavirus_8,0.009178035151250274
d__Viruses;-__ssRNA_viruses;-__ssRNA_negative_strand_viruses;o__Mononegavirales;f__Paramyxoviridae;g__Avulavirus;s__Avian_avulavirus_9,0.009042757989157015
d__Viruses;-__ssRNA_viruses;-__ssRNA_negative_strand_viruses;o__Mononegavirales;f__Paramyxoviridae;g__Ferlavirus;s__Reptilian_ferlavirus,0.010863796709643181
d__Viruses;-__ssRNA_viruses;-__ssRNA_negative_strand_viruses;o__Mononegavirales;f__Paramyxoviridae;g__Henipavirus;s__Cedar_henipavirus,0.01056202457881976
d__Viruses;-__ssRNA_viruses;-__ssRNA_negative_strand_viruses;o__Mononegavirales;f__Paramyxoviridae;g__Henipavirus;s__Hendra_henipavirus,0.012320627686032112
d__Viruses;-__ssRNA_viruses;-__ssRNA_negative_strand_viruses;o__Mononegavirales;f__Paramyxoviridae;g__Henipavirus;s__Mojiang_henipavirus,0.01064527206318484
d__Viruses;-__ssRNA_viruses;-__ssRNA_negative_strand_viruses;o__Mononegavirales;f__Paramyxoviridae;g__Henipavirus;s__Nipah_henipavirus,0.012341439557123383
d__Viruses;-__ssRNA_viruses;-__ssRNA_negative_strand_viruses;o__Mononegavirales;f__Paramyxoviridae;g__Morbillivirus;s__Canine_morbillivirus,0.012247786137212667
d__Viruses;-__ssRNA_viruses;-__ssRNA_negative_strand_viruses;o__Mononegavirales;f__Paramyxoviridae;g__Morbillivirus;s__Cetacean_morbillivirus,0.011290440067014225
d__Viruses;-__ssRNA_viruses;-__ssRNA_negative_strand_viruses;o__Mononegavirales;f__Paramyxoviridae;g__Morbillivirus;s__Feline_morbillivirus,0.01062446019209357
d__Viruses;-__ssRNA_viruses;-__ssRNA_negative_strand_viruses;o__Mononegavirales;f__Paramyxoviridae;g__Morbillivirus;s__Measles_morbillivirus,0.013069855045317848
d__Viruses;-__ssRNA_viruses;-__ssRNA_negative_strand_viruses;o__Mononegavirales;f__Paramyxoviridae;g__Morbillivirus;s__Phocine_morbillivirus,0.011092727291647156
d__Viruses;-__ssRNA_viruses;-__ssRNA_negative_strand_viruses;o__Mononegavirales;f__Paramyxoviridae;g__Morbillivirus;s__Rinderpest_morbillivirus,0.01213332084621068
d__Viruses;-__ssRNA_viruses;-__ssRNA_negative_strand_viruses;o__Mononegavirales;f__Paramyxoviridae;g__Morbillivirus;s__Small_ruminant_morbillivirus,0.01309066691640912
d__Viruses;-__ssRNA_viruses;-__ssRNA_negative_strand_viruses;o__Mononegavirales;f__Paramyxoviridae;g__Respirovirus;s__Bovine_respirovirus_3,0.012351845492669019
d__Viruses;-__ssRNA_viruses;-__ssRNA_negative_strand_viruses;o__Mononegavirales;f__Paramyxoviridae;g__Respirovirus;s__Human_respirovirus_1,0.0113424697447424
d__Viruses;-__ssRNA_viruses;-__ssRNA_negative_strand_viruses;o__Mononegavirales;f__Paramyxoviridae;g__Respirovirus;s__Human_respirovirus_3,0.012154132717301949
d__Viruses;-__ssRNA_viruses;-__ssRNA_negative_strand_viruses;o__Mononegavirales;f__Paramyxoviridae;g__Respirovirus;s__Murine_respirovirus,0.011613024068928918
d__Viruses;-__ssRNA_viruses;-__ssRNA_negative_strand_viruses;o__Mononegavirales;f__Paramyxoviridae;g__Respirovirus;s__Porcine_respirovirus_1,0.010978262000645169
d__Viruses;-__ssRNA_viruses;-__ssRNA_negative_strand_viruses;o__Mononegavirales;f__Paramyxoviridae;g__Rubulavirus;s__Achimota_rubulavirus_1,0.010291470254633242
d__Viruses;-__ssRNA_viruses;-__ssRNA_negative_strand_viruses;o__Mononegavirales;f__Paramyxoviridae;g__Rubulavirus;s__Achimota_rubulavirus_2,0.010218628705813797
d__Viruses;-__ssRNA_viruses;-__ssRNA_negative_strand_viruses;o__Mononegavirales;f__Paramyxoviridae;g__Rubulavirus;s__Human_rubulavirus_2,0.011290440067014225
d__Viruses;-__ssRNA_viruses;-__ssRNA_negative_strand_viruses;o__Mononegavirales;f__Paramyxoviridae;g__Rubulavirus;s__Human_rubulavirus_4,0.011987637748571785
d__Viruses;-__ssRNA_viruses;-__ssRNA_negative_strand_viruses;o__Mononegavirales;f__Paramyxoviridae;g__Rubulavirus;s__Mammalian_rubulavirus_5,0.01167545968220273
d__Viruses;-__ssRNA_viruses;-__ssRNA_negative_strand_viruses;o__Mononegavirales;f__Paramyxoviridae;g__Rubulavirus;s__Menangle_rubulavirus,0.009667114121895129
d__Viruses;-__ssRNA_viruses;-__ssRNA_negative_strand_viruses;o__Mononegavirales;f__Paramyxoviridae;g__Rubulavirus;s__Mumps_rubulavirus,0.0122581920727583
d__Viruses;-__ssRNA_viruses;-__ssRNA_negative_strand_viruses;o__Mononegavirales;f__Paramyxoviridae;g__Rubulavirus;s__Porcine_rubulavirus,0.01106150948501025
d__Viruses;-__ssRNA_viruses;-__ssRNA_negative_strand_viruses;o__Mononegavirales;f__Paramyxoviridae;g__Rubulavirus;s__Sosuga_rubulavirus,0.009739955670714576
d__Viruses;-__ssRNA_viruses;-__ssRNA_negative_strand_viruses;o__Mononegavirales;f__Paramyxoviridae;g__Rubulavirus;s__Tioman_rubulavirus,0.009604678508621317
d__Viruses;-__ssRNA_viruses;-__ssRNA_negative_strand_viruses;o__Mononegavirales;f__Paramyxoviridae;g__Rubulavirus;s__Tuhoko_rubulavirus_1,0.009812797219534023
d__Viruses;-__ssRNA_viruses;-__ssRNA_negative_strand_viruses;o__Mononegavirales;f__Paramyxoviridae;g__Rubulavirus;s__Tuhoko_rubulavirus_2,0.010489183030000312
d__Viruses;-__ssRNA_viruses;-__ssRNA_negative_strand_viruses;o__Mononegavirales;f__Paramyxoviridae;g__Rubulavirus;s__Tuhoko_rubulavirus_3,0.009802391283988387
d__Viruses;-__ssRNA_viruses;-__ssRNA_negative_strand_viruses;o__Mononegavirales;f__Pneumoviridae;g__Metapneumovirus;s__Human_metapneumovirus,0.005785700163373188
d__Viruses;-__ssRNA_viruses;-__ssRNA_negative_strand_viruses;o__Mononegavirales;f__Pneumoviridae;g__Orthopneumovirus;s__Human_orthopneumovirus,0.014630745377163135
d__Viruses;-__ssRNA_viruses;-__ssRNA_negative_strand_viruses;o__Mononegavirales;f__Pneumoviridae;g__Pneumovirus;-__unclassified_Pneumovirus;s__Respiratory_syncytial_virus,0.013486092467143258
d__Viruses;-__ssRNA_viruses;-__ssRNA_negative_strand_viruses;o__Mononegavirales;f__Rhabdoviridae;g__Ledantevirus;s__Le_Dantec_ledantevirus,0.007585927012768083
d__Viruses;-__ssRNA_viruses;-__ssRNA_negative_strand_viruses;o__Mononegavirales;f__Rhabdoviridae;g__Lyssavirus;-__unclassified_Lyssavirus;s__Lleida_bat_lyssavirus,0.013496498402688894
d__Viruses;-__ssRNA_viruses;-__ssRNA_negative_strand_viruses;o__Mononegavirales;f__Rhabdoviridae;g__Lyssavirus;-__unclassified_Lyssavirus;s__Lyssavirus_Ozernoe,0.013923141760059939
d__Viruses;-__ssRNA_viruses;-__ssRNA_negative_strand_viruses;o__Mononegavirales;f__Rhabdoviridae;g__Lyssavirus;s__Aravan_lyssavirus,0.013923141760059939
d__Viruses;-__ssRNA_viruses;-__ssRNA_negative_strand_viruses;o__Mononegavirales;f__Rhabdoviridae;g__Lyssavirus;s__Australian_bat_lyssavirus,0.014048012986607562
d__Viruses;-__ssRNA_viruses;-__ssRNA_negative_strand_viruses;o__Mononegavirales;f__Rhabdoviridae;g__Lyssavirus;s__Bokeloh_bat_lyssavirus,0.013912735824514303
d__Viruses;-__ssRNA_viruses;-__ssRNA_negative_strand_viruses;o__Mononegavirales;f__Rhabdoviridae;g__Lyssavirus;s__Duvenhage_lyssavirus,0.013902329888968668
d__Viruses;-__ssRNA_viruses;-__ssRNA_negative_strand_viruses;o__Mononegavirales;f__Rhabdoviridae;g__Lyssavirus;s__European_bat_1_lyssavirus,0.01402720111551629
d__Viruses;-__ssRNA_viruses;-__ssRNA_negative_strand_viruses;o__Mononegavirales;f__Rhabdoviridae;g__Lyssavirus;s__European_bat_2_lyssavirus,0.014037607051061926
d__Viruses;-__ssRNA_viruses;-__ssRNA_negative_strand_viruses;o__Mononegavirales;f__Rhabdoviridae;g__Lyssavirus;s__Ikoma_lyssavirus,0.01354852808041707
d__Viruses;-__ssRNA_viruses;-__ssRNA_negative_strand_viruses;o__Mononegavirales;f__Rhabdoviridae;g__Lyssavirus;s__Irkut_lyssavirus,0.013923141760059939
d__Viruses;-__ssRNA_viruses;-__ssRNA_negative_strand_viruses;o__Mononegavirales;f__Rhabdoviridae;g__Lyssavirus;s__Khujand_lyssavirus,0.01398557737333375
d__Viruses;-__ssRNA_viruses;-__ssRNA_negative_strand_viruses;o__Mononegavirales;f__Rhabdoviridae;g__Lyssavirus;s__Lagos_bat_lyssavirus,0.014193696084246454
d__Viruses;-__ssRNA_viruses;-__ssRNA_negative_strand_viruses;o__Mononegavirales;f__Rhabdoviridae;g__Lyssavirus;s__Mokola_lyssavirus,0.014308161375248441
d__Viruses;-__ssRNA_viruses;-__ssRNA_negative_strand_viruses;o__Mononegavirales;f__Rhabdoviridae;g__Lyssavirus;s__Rabies_lyssavirus,0.02066618799363157
d__Viruses;-__ssRNA_viruses;-__ssRNA_negative_strand_viruses;o__Mononegavirales;f__Rhabdoviridae;g__Lyssavirus;s__Shimoni_bat_lyssavirus,0.014349785117430982
d__Viruses;-__ssRNA_viruses;-__ssRNA_negative_strand_viruses;o__Mononegavirales;f__Rhabdoviridae;g__Lyssavirus;s__West_Caucasian_bat_lyssavirus,0.013590151822599612
d__Viruses;-__ssRNA_viruses;-__ssRNA_negative_strand_viruses;o__Mononegavirales;f__Rhabdoviridae;g__Vesiculovirus;s__Chandipura_vesiculovirus,0.009896044703899104
d__Viruses;-__ssRNA_viruses;-__ssRNA_negative_strand_viruses;o__Mononegavirales;f__Rhabdoviridae;g__Vesiculovirus;s__Indiana_vesiculovirus,0.010333093996815784
d__Viruses;-__ssRNA_viruses;-__ssRNA_negative_strand_viruses;o__Mononegavirales;f__Rhabdoviridae;g__Vesiculovirus;s__Isfahan_vesiculovirus,0.009739955670714576
d__Viruses;-__ssRNA_viruses;-__ssRNA_negative_strand_viruses;o__Mononegavirales;f__Rhabdoviridae;g__Vesiculovirus;s__Jurona_vesiculovirus,0.009698331928532035
d__Viruses;-__ssRNA_viruses;-__ssRNA_negative_strand_viruses;o__Mononegavirales;f__Rhabdoviridae;g__Vesiculovirus;s__Maraba_vesiculovirus,0.01016659902808562
d__Viruses;-__ssRNA_viruses;-__ssRNA_positive_strand_viruses__no_DNA_stage;f__Astroviridae;-__unclassified_Astroviridae;s__Astrovirus_MLB1,0.002892850081686594
d__Viruses;-__ssRNA_viruses;-__ssRNA_positive_strand_viruses__no_DNA_stage;f__Astroviridae;-__unclassified_Astroviridae;s__Astrovirus_MLB2,0.0029344738238691347
d__Viruses;-__ssRNA_viruses;-__ssRNA_positive_strand_viruses__no_DNA_stage;f__Astroviridae;-__unclassified_Astroviridae;s__Astrovirus_MLB3,0.0029552856949604054
d__Viruses;-__ssRNA_viruses;-__ssRNA_positive_strand_viruses__no_DNA_stage;f__Astroviridae;-__unclassified_Astroviridae;s__Astrovirus_VA1,0.0027055432418651598
d__Viruses;-__ssRNA_viruses;-__ssRNA_positive_strand_viruses__no_DNA_stage;f__Astroviridae;-__unclassified_Astroviridae;s__Astrovirus_VA3,0.0024558007887699146
d__Viruses;-__ssRNA_viruses;-__ssRNA_positive_strand_viruses__no_DNA_stage;f__Astroviridae;-__unclassified_Astroviridae;s__Astrovirus_VA4,0.002570266079771902
d__Viruses;-__ssRNA_viruses;-__ssRNA_positive_strand_viruses__no_DNA_stage;f__Astroviridae;-__unclassified_Astroviridae;s__Human_astrovirus,0.006264373198472409
d__Viruses;-__ssRNA_viruses;-__ssRNA_positive_strand_viruses__no_DNA_stage;f__Astroviridae;g__Mamastrovirus;-__unclassified_Mamastrovirus;s__Burkina_Faso_astrovirus,0.0026431076285913487
d__Viruses;-__ssRNA_viruses;-__ssRNA_positive_strand_viruses__no_DNA_stage;f__Astroviridae;g__Mamastrovirus;-__unclassified_Mamastrovirus;s__HMO_Astrovirus_A,0.0027471669840477006
d__Viruses;-__ssRNA_viruses;-__ssRNA_positive_strand_viruses__no_DNA_stage;f__Astroviridae;g__Mamastrovirus;s__Mamastrovirus_1,0.007065630235486321
d__Viruses;-__ssRNA_viruses;-__ssRNA_positive_strand_viruses__no_DNA_stage;f__Caliciviridae;g__Norovirus;s__Norwalk_virus,0.018855555208691036
d__Viruses;-__ssRNA_viruses;-__ssRNA_positive_strand_viruses__no_DNA_stage;f__Caliciviridae;g__Sapovirus;-__unclassified_Sapovirus;s__Bat_sapovirus_TLC58_HK,0.005619205194643024
d__Viruses;-__ssRNA_viruses;-__ssRNA_positive_strand_viruses__no_DNA_stage;f__Caliciviridae;g__Sapovirus;s__Sapporo_virus,0.013298785627321825
d__Viruses;-__ssRNA_viruses;-__ssRNA_positive_strand_viruses__no_DNA_stage;f__Flaviviridae;g__Flavivirus;-__Dengue_virus_group;s__Dengue_virus,0.04542190865669778
d__Viruses;-__ssRNA_viruses;-__ssRNA_positive_strand_viruses__no_DNA_stage;f__Flaviviridae;g__Flavivirus;-__Japanese_encephalitis_virus_group;s__Japanese_encephalitis_virus,0.03664970499172728
d__Viruses;-__ssRNA_viruses;-__ssRNA_positive_strand_viruses__no_DNA_stage;f__Flaviviridae;g__Flavivirus;-__Japanese_encephalitis_virus_group;s__Murray_Valley_encephalitis_virus,0.03481826033569548
d__Viruses;-__ssRNA_viruses;-__ssRNA_positive_strand_viruses__no_DNA_stage;f__Flaviviridae;g__Flavivirus;-__Japanese_encephalitis_virus_group;s__St__Louis_encephalitis_virus,0.03522409182197526
d__Viruses;-__ssRNA_viruses;-__ssRNA_positive_strand_viruses__no_DNA_stage;f__Flaviviridae;g__Flavivirus;-__Japanese_encephalitis_virus_group;s__Usutu_virus,0.03490150782006056
d__Viruses;-__ssRNA_viruses;-__ssRNA_positive_strand_viruses__no_DNA_stage;f__Flaviviridae;g__Flavivirus;-__Japanese_encephalitis_virus_group;s__West_Nile_virus,0.038033694419296764
d__Viruses;-__ssRNA_viruses;-__ssRNA_positive_strand_viruses__no_DNA_stage;f__Flaviviridae;g__Flavivirus;-__Kokobera_virus_group;s__Kokobera_virus,0.03693066525145943
d__Viruses;-__ssRNA_viruses;-__ssRNA_positive_strand_viruses__no_DNA_stage;f__Flaviviridae;g__Flavivirus;-__Modoc_virus_group;s__Modoc_virus,0.026691224674554367
d__Viruses;-__ssRNA_viruses;-__ssRNA_positive_strand_viruses__no_DNA_stage;f__Flaviviridae;g__Flavivirus;-__Ntaya_virus_group;s__Bagaza_virus,0.034828666271241114
d__Viruses;-__ssRNA_viruses;-__ssRNA_positive_strand_viruses__no_DNA_stage;f__Flaviviridae;g__Flavivirus;-__Ntaya_virus_group;s__Ntaya_virus,0.034859884077878024
d__Viruses;-__ssRNA_viruses;-__ssRNA_positive_strand_viruses__no_DNA_stage;f__Flaviviridae;g__Flavivirus;-__Ntaya_virus_group;s__Tembusu_virus,0.035640329243800666
d__Viruses;-__ssRNA_viruses;-__ssRNA_positive_strand_viruses__no_DNA_stage;f__Flaviviridae;g__Flavivirus;-__Ntaya_virus_group;s__Yokose_virus,0.031790133091915626
d__Viruses;-__ssRNA_viruses;-__ssRNA_positive_strand_viruses__no_DNA_stage;f__Flaviviridae;g__Flavivirus;-__Rio_Bravo_virus_group;s__Apoi_virus,0.02737801642056629
d__Viruses;-__ssRNA_viruses;-__ssRNA_positive_strand_viruses__no_DNA_stage;f__Flaviviridae;g__Flavivirus;-__Rio_Bravo_virus_group;s__Entebbe_bat_virus,0.03242489516019938
d__Viruses;-__ssRNA_viruses;-__ssRNA_positive_strand_viruses__no_DNA_stage;f__Flaviviridae;g__Flavivirus;-__Rio_Bravo_virus_group;s__Rio_Bravo_virus,0.026888937449921435
d__Viruses;-__ssRNA_viruses;-__ssRNA_positive_strand_viruses__no_DNA_stage;f__Flaviviridae;g__Flavivirus;-__Rio_Bravo_virus_group;s__Saboya_virus,0.03351751839249108
d__Viruses;-__ssRNA_viruses;-__ssRNA_positive_strand_viruses__no_DNA_stage;f__Flaviviridae;g__Flavivirus;-__Seaborne_tick_borne_virus_group;s__Meaban_virus,0.029989906242520733
d__Viruses;-__ssRNA_viruses;-__ssRNA_positive_strand_viruses__no_DNA_stage;f__Flaviviridae;g__Flavivirus;-__Seaborne_tick_borne_virus_group;s__Saumarez_Reef_virus,0.030291678373344157
d__Viruses;-__ssRNA_viruses;-__ssRNA_positive_strand_viruses__no_DNA_stage;f__Flaviviridae;g__Flavivirus;-__Yellow_fever_virus_group;s__Banzi_virus,0.03342386497258036
d__Viruses;-__ssRNA_viruses;-__ssRNA_positive_strand_viruses__no_DNA_stage;f__Flaviviridae;g__Flavivirus;-__Yellow_fever_virus_group;s__Bouboui_virus,0.03280991477538788
d__Viruses;-__ssRNA_viruses;-__ssRNA_positive_strand_viruses__no_DNA_stage;f__Flaviviridae;g__Flavivirus;-__Yellow_fever_virus_group;s__Edge_Hill_virus,0.033163716583939476
d__Viruses;-__ssRNA_viruses;-__ssRNA_positive_strand_viruses__no_DNA_stage;f__Flaviviridae;g__Flavivirus;-__Yellow_fever_virus_group;s__Uganda_S_virus,0.03326777593939583
d__Viruses;-__ssRNA_viruses;-__ssRNA_positive_strand_viruses__no_DNA_stage;f__Flaviviridae;g__Flavivirus;-__Yellow_fever_virus_group;s__Wesselsbron_virus,0.03372563710340378
d__Viruses;-__ssRNA_viruses;-__ssRNA_positive_strand_viruses__no_DNA_stage;f__Flaviviridae;g__Flavivirus;-__Yellow_fever_virus_group;s__Yellow_fever_virus,0.034984755304425644
d__Viruses;-__ssRNA_viruses;-__ssRNA_positive_strand_viruses__no_DNA_stage;f__Flaviviridae;g__Flavivirus;-__mosquito_borne_viruses;s__Ilheus_virus,0.0347350128513304
d__Viruses;-__ssRNA_viruses;-__ssRNA_positive_strand_viruses__no_DNA_stage;f__Flaviviridae;g__Flavivirus;-__mosquito_borne_viruses;s__Sepik_virus,0.03353833026358235
d__Viruses;-__ssRNA_viruses;-__ssRNA_positive_strand_viruses__no_DNA_stage;f__Flaviviridae;g__Flavivirus;-__tick_borne_encephalitis_virus_group;s__Kyasanur_forest_disease_virus,0.031061717603721162
d__Viruses;-__ssRNA_viruses;-__ssRNA_positive_strand_viruses__no_DNA_stage;f__Flaviviridae;g__Flavivirus;-__tick_borne_encephalitis_virus_group;s__Langat_virus,0.029896252822610016
d__Viruses;-__ssRNA_viruses;-__ssRNA_positive_strand_viruses__no_DNA_stage;f__Flaviviridae;g__Flavivirus;-__tick_borne_encephalitis_virus_group;s__Louping_ill_virus,0.030291678373344157
d__Viruses;-__ssRNA_viruses;-__ssRNA_positive_strand_viruses__no_DNA_stage;f__Flaviviridae;g__Flavivirus;-__tick_borne_encephalitis_virus_group;s__Omsk_hemorrhagic_fever_virus,0.03056223269753067
d__Viruses;-__ssRNA_viruses;-__ssRNA_positive_strand_viruses__no_DNA_stage;f__Flaviviridae;g__Flavivirus;-__tick_borne_encephalitis_virus_group;s__Phnom_Penh_bat_virus,0.026774472158919448
d__Viruses;-__ssRNA_viruses;-__ssRNA_positive_strand_viruses__no_DNA_stage;f__Flaviviridae;g__Flavivirus;-__tick_borne_encephalitis_virus_group;s__Powassan_virus,0.03129064818572514
d__Viruses;-__ssRNA_viruses;-__ssRNA_positive_strand_viruses__no_DNA_stage;f__Flaviviridae;g__Flavivirus;-__tick_borne_encephalitis_virus_group;s__Royal_Farm_virus,0.031332271927907676
d__Viruses;-__ssRNA_viruses;-__ssRNA_positive_strand_viruses__no_DNA_stage;f__Flaviviridae;g__Flavivirus;-__tick_borne_encephalitis_virus_group;s__Tick_borne_encephalitis_virus,0.0334654887147629
d__Viruses;-__ssRNA_viruses;-__ssRNA_positive_strand_viruses__no_DNA_stage;f__Flaviviridae;g__Flavivirus;-__unclassified_Flavivirus;s__Aedes_flavivirus,0.014349785117430982
d__Viruses;-__ssRNA_viruses;-__ssRNA_positive_strand_viruses__no_DNA_stage;f__Flaviviridae;g__Flavivirus;-__unclassified_Flavivirus;s__Cell_fusing_agent_virus,0.014557903828343688
d__Viruses;-__ssRNA_viruses;-__ssRNA_positive_strand_viruses__no_DNA_stage;f__Flaviviridae;g__Flavivirus;-__unclassified_Flavivirus;s__Chaoyang_virus,0.03433958730059626
d__Viruses;-__ssRNA_viruses;-__ssRNA_positive_strand_viruses__no_DNA_stage;f__Flaviviridae;g__Flavivirus;-__unclassified_Flavivirus;s__Culex_flavivirus,0.014433032601796065
d__Viruses;-__ssRNA_viruses;-__ssRNA_positive_strand_viruses__no_DNA_stage;f__Flaviviridae;g__Flavivirus;-__unclassified_Flavivirus;s__Donggang_virus,0.034266745751776816
d__Viruses;-__ssRNA_viruses;-__ssRNA_positive_strand_viruses__no_DNA_stage;f__Flaviviridae;g__Flavivirus;-__unclassified_Flavivirus;s__Hanko_virus,0.014713992861528215
d__Viruses;-__ssRNA_viruses;-__ssRNA_positive_strand_viruses__no_DNA_stage;f__Flaviviridae;g__Flavivirus;-__unclassified_Flavivirus;s__Kamiti_River_virus,0.014797240345893298
d__Viruses;-__ssRNA_viruses;-__ssRNA_positive_strand_viruses__no_DNA_stage;f__Flaviviridae;g__Flavivirus;-__unclassified_Flavivirus;s__Mercadeo_virus,0.013392439047232542
d__Viruses;-__ssRNA_viruses;-__ssRNA_positive_strand_viruses__no_DNA_stage;f__Flaviviridae;g__Flavivirus;-__unclassified_Flavivirus;s__Nounane_virus,0.034204310138503
d__Viruses;-__ssRNA_viruses;-__ssRNA_positive_strand_viruses__no_DNA_stage;f__Flaviviridae;g__Flavivirus;-__unclassified_Flavivirus;s__Ochlerotatus_caspius_flavivirus,0.014755616603710756
d__Viruses;-__ssRNA_viruses;-__ssRNA_positive_strand_viruses__no_DNA_stage;f__Flaviviridae;g__Flavivirus;-__unclassified_Flavivirus;s__Palm_Creek_virus,0.013236350014048014
d__Viruses;-__ssRNA_viruses;-__ssRNA_positive_strand_viruses__no_DNA_stage;f__Flaviviridae;g__Flavivirus;-__unclassified_Flavivirus;s__Paraiso_Escondido_virus,0.0336423896190387
d__Viruses;-__ssRNA_viruses;-__ssRNA_positive_strand_viruses__no_DNA_stage;f__Flaviviridae;g__Flavivirus;-__unclassified_Flavivirus;s__Parramatta_River_virus,0.013600557758145245
d__Viruses;-__ssRNA_viruses;-__ssRNA_positive_strand_viruses__no_DNA_stage;f__Flaviviridae;g__Flavivirus;-__unclassified_Flavivirus;s__Quang_Binh_virus,0.014713992861528215
d__Viruses;-__ssRNA_viruses;-__ssRNA_positive_strand_viruses__no_DNA_stage;f__Flaviviridae;g__Flavivirus;-__unclassified_Flavivirus;s__Spanish_goat_encephalitis_virus,0.029511233207421512
d__Viruses;-__ssRNA_viruses;-__ssRNA_positive_strand_viruses__no_DNA_stage;f__Flaviviridae;g__Flavivirus;-__unclassified_Flavivirus;s__Spondweni_virus,0.03466217130251095
d__Viruses;-__ssRNA_viruses;-__ssRNA_positive_strand_viruses__no_DNA_stage;f__Flaviviridae;g__Flavivirus;-__unclassified_Flavivirus;s__T_Ho_virus,0.03476623065796731
d__Viruses;-__ssRNA_viruses;-__ssRNA_positive_strand_viruses__no_DNA_stage;f__Flaviviridae;g__Flavivirus;-__unclassified_Flavivirus;s__Tamana_bat_virus,0.0077940457236807875
d__Viruses;-__ssRNA_viruses;-__ssRNA_positive_strand_viruses__no_DNA_stage;f__Flaviviridae;g__Flavivirus;s__Aroa_virus,0.03611900227889989
d__Viruses;-__ssRNA_viruses;-__ssRNA_positive_strand_viruses__no_DNA_stage;f__Flaviviridae;g__Flavivirus;s__Gadgets_Gully_virus,0.030385331793254873
d__Viruses;-__ssRNA_viruses;-__ssRNA_positive_strand_viruses__no_DNA_stage;f__Flaviviridae;g__Flavivirus;s__Jugra_virus,0.03338224123039782
d__Viruses;-__ssRNA_viruses;-__ssRNA_positive_strand_viruses__no_DNA_stage;f__Flaviviridae;g__Flavivirus;s__Kadam_virus,0.03000031217806637
d__Viruses;-__ssRNA_viruses;-__ssRNA_positive_strand_viruses__no_DNA_stage;f__Flaviviridae;g__Flavivirus;s__Kedougou_virus,0.03413146858968356
d__Viruses;-__ssRNA_viruses;-__ssRNA_positive_strand_viruses__no_DNA_stage;f__Flaviviridae;g__Flavivirus;s__Montana_myotis_leukoencephalitis_virus,0.02735720454947502
d__Viruses;-__ssRNA_viruses;-__ssRNA_positive_strand_viruses__no_DNA_stage;f__Flaviviridae;g__Flavivirus;s__Yaounde_virus,0.03466217130251095
d__Viruses;-__ssRNA_viruses;-__ssRNA_positive_strand_viruses__no_DNA_stage;f__Flaviviridae;g__Flavivirus;s__Zika_virus,0.03618143789217369
d__Viruses;-__ssRNA_viruses;-__ssRNA_positive_strand_viruses__no_DNA_stage;f__Flaviviridae;g__Hepacivirus;-__unclassified_Hepacivirus;s__Bat_hepacivirus,0.02439151291896898
d__Viruses;-__ssRNA_viruses;-__ssRNA_positive_strand_viruses__no_DNA_stage;f__Flaviviridae;g__Hepacivirus;-__unclassified_Hepacivirus;s__Bovine_hepacivirus,0.01378786459796668
d__Viruses;-__ssRNA_viruses;-__ssRNA_positive_strand_viruses__no_DNA_stage;f__Flaviviridae;g__Hepacivirus;-__unclassified_Hepacivirus;s__Guereza_hepacivirus,0.01669112061519891
d__Viruses;-__ssRNA_viruses;-__ssRNA_positive_strand_viruses__no_DNA_stage;f__Flaviviridae;g__Hepacivirus;-__unclassified_Hepacivirus;s__Norway_rat_hepacivirus_1,0.014391408859613524
d__Viruses;-__ssRNA_viruses;-__ssRNA_positive_strand_viruses__no_DNA_stage;f__Flaviviridae;g__Hepacivirus;-__unclassified_Hepacivirus;s__Norway_rat_hepacivirus_2,0.012944983818770227
d__Viruses;-__ssRNA_viruses;-__ssRNA_positive_strand_viruses__no_DNA_stage;f__Flaviviridae;g__Hepacivirus;-__unclassified_Hepacivirus;s__Rodent_hepacivirus,0.019792089407798207
d__Viruses;-__ssRNA_viruses;-__ssRNA_positive_strand_viruses__no_DNA_stage;f__Flaviviridae;g__Hepacivirus;s__Hepatitis_C_virus,0.08454822630828625
d__Viruses;-__ssRNA_viruses;-__ssRNA_positive_strand_viruses__no_DNA_stage;f__Flaviviridae;g__Pegivirus;-__unclassified_Pegivirus;s__Human_pegivirus_2,0.01016659902808562
d__Viruses;-__ssRNA_viruses;-__ssRNA_positive_strand_viruses__no_DNA_stage;f__Flaviviridae;g__Pegivirus;s__Pegivirus_C,0.014360191052976617
d__Viruses;-__ssRNA_viruses;-__ssRNA_positive_strand_viruses__no_DNA_stage;f__Hepeviridae;-__unclassified_Hepeviridae;s__Bat_hepevirus,0.009115599537976462
d__Viruses;-__ssRNA_viruses;-__ssRNA_positive_strand_viruses__no_DNA_stage;f__Hepeviridae;g__Orthohepevirus;s__Orthohepevirus_A,0.020676593929177204
d__Viruses;-__ssRNA_viruses;-__ssRNA_positive_strand_viruses__no_DNA_stage;f__Hepeviridae;g__Orthohepevirus;s__Orthohepevirus_D,0.008605708696240336
d__Viruses;-__ssRNA_viruses;-__ssRNA_positive_strand_viruses__no_DNA_stage;f__Hepeviridae;g__Piscihepevirus;s__Piscihepevirus_A,0.004370492929166797
d__Viruses;-__ssRNA_viruses;-__ssRNA_positive_strand_viruses__no_DNA_stage;f__Togaviridae;g__Alphavirus;-__EEEV_complex;s__Eastern_equine_encephalitis_virus,0.024079334852599922
d__Viruses;-__ssRNA_viruses;-__ssRNA_positive_strand_viruses__no_DNA_stage;f__Togaviridae;g__Alphavirus;-__SFV_complex;s__Chikungunya_virus,0.02520317589152853
d__Viruses;-__ssRNA_viruses;-__ssRNA_positive_strand_viruses__no_DNA_stage;f__Togaviridae;g__Alphavirus;-__SFV_complex;s__Getah_virus,0.02343416684877054
d__Viruses;-__ssRNA_viruses;-__ssRNA_positive_strand_viruses__no_DNA_stage;f__Togaviridae;g__Alphavirus;-__SFV_complex;s__Mayaro_virus,0.023548632139772527
d__Viruses;-__ssRNA_viruses;-__ssRNA_positive_strand_viruses__no_DNA_stage;f__Togaviridae;g__Alphavirus;-__SFV_complex;s__O_nyong_nyong_virus,0.02353822620422689
d__Viruses;-__ssRNA_viruses;-__ssRNA_positive_strand_viruses__no_DNA_stage;f__Togaviridae;g__Alphavirus;-__SFV_complex;s__Ross_River_virus,0.023392543106587997
d__Viruses;-__ssRNA_viruses;-__ssRNA_positive_strand_viruses__no_DNA_stage;f__Togaviridae;g__Alphavirus;-__SFV_complex;s__Semliki_Forest_virus,0.023413354977679268
d__Viruses;-__ssRNA_viruses;-__ssRNA_positive_strand_viruses__no_DNA_stage;f__Togaviridae;g__Alphavirus;-__VEEV_complex;s__Venezuelan_equine_encephalitis_virus,0.025796314217629734
d__Viruses;-__ssRNA_viruses;-__ssRNA_positive_strand_viruses__no_DNA_stage;f__Togaviridae;g__Alphavirus;-__WEEV_complex;s__Sindbis_virus,0.023964869561597935
d__Viruses;-__ssRNA_viruses;-__ssRNA_positive_strand_viruses__no_DNA_stage;f__Togaviridae;g__Alphavirus;-__WEEV_complex;s__Western_equine_encephalitis_virus,0.023444572784316175
d__Viruses;-__ssRNA_viruses;-__ssRNA_positive_strand_viruses__no_DNA_stage;f__Togaviridae;g__Alphavirus;s__Barmah_Forest_virus,0.022726563231667343
d__Viruses;-__ssRNA_viruses;-__ssRNA_positive_strand_viruses__no_DNA_stage;f__Togaviridae;g__Rubivirus;s__Rubella_virus,0.0068575115245736165
d__Viruses;-__ssRNA_viruses;-__ssRNA_positive_strand_viruses__no_DNA_stage;f__Tombusviridae;g__Gammacarmovirus;s__Melon_necrotic_spot_virus,0.0006971976815575605
d__Viruses;-__ssRNA_viruses;-__ssRNA_positive_strand_viruses__no_DNA_stage;o__Nidovirales;f__Coronaviridae;-__Coronavirinae;g__Alphacoronavirus;s__Human_coronavirus_229E,0.026243769446092052
d__Viruses;-__ssRNA_viruses;-__ssRNA_positive_strand_viruses__no_DNA_stage;o__Nidovirales;f__Coronaviridae;-__Coronavirinae;g__Alphacoronavirus;s__Human_coronavirus_NL63,0.024953433438433283
d__Viruses;-__ssRNA_viruses;-__ssRNA_positive_strand_viruses__no_DNA_stage;o__Nidovirales;f__Coronaviridae;-__Coronavirinae;g__Betacoronavirus;s__Betacoronavirus_1,0.03390253800767958
d__Viruses;-__ssRNA_viruses;-__ssRNA_positive_strand_viruses__no_DNA_stage;o__Nidovirales;f__Coronaviridae;-__Coronavirinae;g__Betacoronavirus;s__Human_coronavirus_HKU1,0.03263301387111208
d__Viruses;-__ssRNA_viruses;-__ssRNA_positive_strand_viruses__no_DNA_stage;o__Nidovirales;f__Coronaviridae;-__Coronavirinae;g__Betacoronavirus;s__Middle_East_respiratory_syndrome_related_coronavirus,0.02580672015317537
d__Viruses;-__ssRNA_viruses;-__ssRNA_positive_strand_viruses__no_DNA_stage;o__Nidovirales;f__Coronaviridae;-__Coronavirinae;g__Betacoronavirus;s__SARS_related_coronavirus,0.027783847906846064
d__Viruses;-__ssRNA_viruses;-__ssRNA_positive_strand_viruses__no_DNA_stage;o__Picornavirales;f__Picornaviridae;g__Cardiovirus;s__Cardiovirus_A,0.019531941019157326
d__Viruses;-__ssRNA_viruses;-__ssRNA_positive_strand_viruses__no_DNA_stage;o__Picornavirales;f__Picornaviridae;g__Cardiovirus;s__Cardiovirus_B,0.0222999198742963
d__Viruses;-__ssRNA_viruses;-__ssRNA_positive_strand_viruses__no_DNA_stage;o__Picornavirales;f__Picornaviridae;g__Cosavirus;-__unclassified_Cosavirus;s__Cosavirus_JMY_2014,0.01723222926357194
d__Viruses;-__ssRNA_viruses;-__ssRNA_positive_strand_viruses__no_DNA_stage;o__Picornavirales;f__Picornaviridae;g__Cosavirus;-__unclassified_Cosavirus;s__Human_cosavirus,0.018813931466508498
d__Viruses;-__ssRNA_viruses;-__ssRNA_positive_strand_viruses__no_DNA_stage;o__Picornavirales;f__Picornaviridae;g__Cosavirus;-__unclassified_Cosavirus;s__Human_cosavirus_B,0.0164517840976493
d__Viruses;-__ssRNA_viruses;-__ssRNA_positive_strand_viruses__no_DNA_stage;o__Picornavirales;f__Picornaviridae;g__Cosavirus;-__unclassified_Cosavirus;s__Human_cosavirus_D,0.01714898177920686
d__Viruses;-__ssRNA_viruses;-__ssRNA_positive_strand_viruses__no_DNA_stage;o__Picornavirales;f__Picornaviridae;g__Cosavirus;-__unclassified_Cosavirus;s__Human_cosavirus_E,0.016545437517560015
d__Viruses;-__ssRNA_viruses;-__ssRNA_positive_strand_viruses__no_DNA_stage;o__Picornavirales;f__Picornaviridae;g__Cosavirus;-__unclassified_Cosavirus;s__Human_cosavirus_F,0.01714898177920686
d__Viruses;-__ssRNA_viruses;-__ssRNA_positive_strand_viruses__no_DNA_stage;o__Picornavirales;f__Picornaviridae;g__Cosavirus;s__Cosavirus_A,0.017950238816220772
d__Viruses;-__ssRNA_viruses;-__ssRNA_positive_strand_viruses__no_DNA_stage;o__Picornavirales;f__Picornaviridae;g__Enterovirus;-__unclassified_Enterovirus;s__Human_enterovirus,0.0418838905711818
d__Viruses;-__ssRNA_viruses;-__ssRNA_positive_strand_viruses__no_DNA_stage;o__Picornavirales;f__Picornaviridae;g__Enterovirus;s__Enterovirus_A,0.05023985681432689
d__Viruses;-__ssRNA_viruses;-__ssRNA_positive_strand_viruses__no_DNA_stage;o__Picornavirales;f__Picornaviridae;g__Enterovirus;s__Enterovirus_B,0.052768499151916254
d__Viruses;-__ssRNA_viruses;-__ssRNA_positive_strand_viruses__no_DNA_stage;o__Picornavirales;f__Picornaviridae;g__Enterovirus;s__Enterovirus_C,0.04892870893557685
d__Viruses;-__ssRNA_viruses;-__ssRNA_positive_strand_viruses__no_DNA_stage;o__Picornavirales;f__Picornaviridae;g__Enterovirus;s__Enterovirus_D,0.04304935535229295
d__Viruses;-__ssRNA_viruses;-__ssRNA_positive_strand_viruses__no_DNA_stage;o__Picornavirales;f__Picornaviridae;g__Enterovirus;s__Enterovirus_H,0.041467653149356395
d__Viruses;-__ssRNA_viruses;-__ssRNA_positive_strand_viruses__no_DNA_stage;o__Picornavirales;f__Picornaviridae;g__Enterovirus;s__Rhinovirus_A,0.04862693680475343
d__Viruses;-__ssRNA_viruses;-__ssRNA_positive_strand_viruses__no_DNA_stage;o__Picornavirales;f__Picornaviridae;g__Enterovirus;s__Rhinovirus_B,0.0451617602680569
d__Viruses;-__ssRNA_viruses;-__ssRNA_positive_strand_viruses__no_DNA_stage;o__Picornavirales;f__Picornaviridae;g__Enterovirus;s__Rhinovirus_C,0.04519297807469381
d__Viruses;-__ssRNA_viruses;-__ssRNA_positive_strand_viruses__no_DNA_stage;o__Picornavirales;f__Picornaviridae;g__Hepatovirus;s__Hepatovirus_A,0.01633731880664731
d__Viruses;-__ssRNA_viruses;-__ssRNA_positive_strand_viruses__no_DNA_stage;o__Picornavirales;f__Picornaviridae;g__Kobuvirus;s__Aichivirus_A,0.02037482179835378
d__Viruses;-__ssRNA_viruses;-__ssRNA_positive_strand_viruses__no_DNA_stage;o__Picornavirales;f__Picornaviridae;g__Parechovirus;-__unclassified_Parechovirus;s__Human_parechovirus,0.013517310273780165
d__Viruses;-__ssRNA_viruses;-__ssRNA_positive_strand_viruses__no_DNA_stage;o__Picornavirales;f__Picornaviridae;g__Rosavirus;s__Rosavirus_A,0.015171854025536165
d__Viruses;-__ssRNA_viruses;-__ssRNA_positive_strand_viruses__no_DNA_stage;o__Picornavirales;f__Picornaviridae;g__Salivirus;-__unclassified_Salivirus;s__Salivirus_FHB,0.014297755439702806
d__Viruses;-__ssRNA_viruses;-__ssRNA_positive_strand_viruses__no_DNA_stage;o__Picornavirales;f__Picornaviridae;g__Salivirus;s__Salivirus_A,0.015390378671994505
d__Viruses;-__unclassified_viruses;s__Husavirus_sp_,0.002070781173581411
d__Viruses;-__unclassified_viruses;s__IAS_virus,0.0011862766522024162
d__Viruses;f__Genomoviridae;g__Gemycircularvirus;-__unclassified_Gemycircularvirus;s__Gemycircularvirus_HV_GcV1,0.00022893058200397506
d__Viruses;f__Genomoviridae;g__Gemycircularvirus;-__unclassified_Gemycircularvirus;s__Gemycircularvirus_HV_GcV2,0.00011446529100198753
d__Viruses;f__Genomoviridae;g__Gemyvongvirus;s__Human_associated_gemyvongvirus_1,0.00014568309763889322
d__Viruses;g__Deltavirus;s__Hepatitis_delta_virus,0.008657738373968512
